t,F(t) [cube 1],x(t) [cube 1]
0.02,0.8738265,-2.011605
0.04,0.8728597,-2.029062
0.06,0.8718928,-2.046499
0.08,0.8709258,-2.063917
0.09999999,0.8699589,-2.081315
0.12,0.868992,-2.098692
0.14,0.8680251,-2.116048
0.16,0.8670581,-2.133384
0.18,0.8660911,-2.150699
0.2,0.865124,-2.167993
0.22,0.864157,-2.185266
0.24,0.8631899,-2.202517
0.26,0.8622229,-2.219747
0.28,0.8612558,-2.236954
0.3,0.8602887,-2.25414
0.32,0.8593217,-2.271303
0.34,0.8583545,-2.288444
0.36,0.8573873,-2.305562
0.38,0.8564202,-2.322657
0.4,0.855453,-2.339729
0.42,0.8544858,-2.356777
0.4400001,0.8535186,-2.373803
0.4600001,0.8525513,-2.390804
0.4800001,0.8515841,-2.407782
0.5000001,0.8506168,-2.424736
0.52,0.8496495,-2.441666
0.54,0.8486822,-2.458571
0.56,0.8477149,-2.475452
0.58,0.8467475,-2.492308
0.6,0.8457802,-2.509139
0.6199999,0.8448128,-2.525945
0.6399999,0.8438454,-2.542726
0.6599999,0.842878,-2.559482
0.6799999,0.8419106,-2.576212
0.6999999,0.8409432,-2.592916
0.7199998,0.8399757,-2.609594
0.7399998,0.8390082,-2.626247
0.7599998,0.8380407,-2.642873
0.7799998,0.8370733,-2.659472
0.7999998,0.8361058,-2.676046
0.8199998,0.8351382,-2.692592
0.8399997,0.8341706,-2.709112
0.8599997,0.8332031,-2.725604
0.8799997,0.8322355,-2.742069
0.8999997,0.8312679,-2.758507
0.9199997,0.8303003,-2.774918
0.9399996,0.8293326,-2.7913
0.9599996,0.828365,-2.807655
0.9799996,0.8273973,-2.823982
0.9999996,0.8264296,-2.840281
1.02,0.8254619,-2.856552
1.04,0.8244942,-2.872794
1.06,0.8235265,-2.889008
1.08,0.8225588,-2.905193
1.1,0.821591,-2.921349
1.12,0.8206232,-2.937476
1.14,0.8196554,-2.953574
1.159999,0.8186877,-2.969643
1.179999,0.8177198,-2.985682
1.199999,0.816752,-3.001692
1.219999,0.8157842,-3.017673
1.239999,0.8148164,-3.033623
1.259999,0.8138484,-3.049544
1.279999,0.8128805,-3.065434
1.299999,0.8119127,-3.081295
1.319999,0.8109447,-3.097125
1.339999,0.8099768,-3.112924
1.359999,0.8090088,-3.128693
1.379999,0.8080409,-3.144432
1.399999,0.8070729,-3.16014
1.419999,0.8061049,-3.175816
1.439999,0.8051369,-3.191462
1.459999,0.8041688,-3.207077
1.479999,0.8032008,-3.22266
1.499999,0.8022327,-3.238212
1.519999,0.8012646,-3.253732
1.539999,0.8002965,-3.269221
1.559999,0.7993284,-3.284678
1.579999,0.7983603,-3.300103
1.599999,0.7973921,-3.315496
1.619999,0.796424,-3.330857
1.639999,0.7954558,-3.346186
1.659999,0.7944877,-3.361483
1.679999,0.7935195,-3.376747
1.699999,0.7925513,-3.391979
1.719999,0.7915831,-3.407178
1.739999,0.7906148,-3.422344
1.759999,0.7896466,-3.437478
1.779999,0.7886783,-3.452579
1.799999,0.7877101,-3.467647
1.819999,0.7867417,-3.482681
1.839999,0.7857734,-3.497683
1.859999,0.7848051,-3.512651
1.879999,0.7838367,-3.527586
1.899999,0.7828684,-3.542487
1.919999,0.7819,-3.557355
1.939999,0.7809316,-3.572189
1.959999,0.7799632,-3.58699
1.979999,0.7789948,-3.601756
1.999999,0.7780264,-3.616489
2.019999,0.7770579,-3.631188
2.039999,0.7760895,-3.645853
2.059999,0.7751211,-3.660483
2.079999,0.7741526,-3.675079
2.099999,0.7731841,-3.689641
2.119999,0.7722156,-3.704169
2.139999,0.7712471,-3.718662
2.159999,0.7702785,-3.73312
2.179999,0.76931,-3.747544
2.199999,0.7683414,-3.761933
2.219999,0.7673728,-3.776288
2.239999,0.7664042,-3.790607
2.259999,0.7654356,-3.804892
2.279999,0.764467,-3.819141
2.299999,0.7634984,-3.833356
2.319999,0.7625297,-3.847535
2.339998,0.761561,-3.861679
2.359998,0.7605924,-3.875788
2.379998,0.7596237,-3.889862
2.399998,0.758655,-3.9039
2.419998,0.7576863,-3.917903
2.439998,0.7567176,-3.93187
2.459998,0.7557489,-3.945801
2.479998,0.7547801,-3.959697
2.499998,0.7538114,-3.973558
2.519998,0.7528425,-3.987382
2.539998,0.7518738,-4.001171
2.559998,0.750905,-4.014924
2.579998,0.7499362,-4.02864
2.599998,0.7489673,-4.042321
2.619998,0.7479985,-4.055966
2.639998,0.7470297,-4.069575
2.659998,0.7460608,-4.083148
2.679998,0.7450919,-4.096684
2.699998,0.744123,-4.110184
2.719998,0.7431541,-4.123648
2.739998,0.7421852,-4.137076
2.759998,0.7412162,-4.150467
2.779998,0.7402474,-4.163822
2.799998,0.7392784,-4.17714
2.819998,0.7383094,-4.190422
2.839998,0.7373405,-4.203667
2.859998,0.7363715,-4.216876
2.879998,0.7354025,-4.230048
2.899998,0.7344335,-4.243184
2.919998,0.7334644,-4.256282
2.939998,0.7324953,-4.269344
2.959998,0.7315263,-4.28237
2.979998,0.7305573,-4.295358
2.999998,0.7295881,-4.30831
3.019998,0.728619,-4.321224
3.039998,0.7276499,-4.334102
3.059998,0.7266808,-4.346943
3.079998,0.7257116,-4.359747
3.099998,0.7247424,-4.372514
3.119998,0.7237733,-4.385243
3.139998,0.7228041,-4.397936
3.159998,0.721835,-4.410592
3.179998,0.7208657,-4.423211
3.199998,0.7198965,-4.435792
3.219998,0.7189273,-4.448336
3.239998,0.7179581,-4.460843
3.259998,0.7169889,-4.473313
3.279998,0.7160196,-4.485745
3.299998,0.7150503,-4.498141
3.319998,0.714081,-4.510499
3.339998,0.7131118,-4.52282
3.359998,0.7121425,-4.535104
3.379997,0.7111732,-4.54735
3.399997,0.7102038,-4.559559
3.419997,0.7092345,-4.571731
3.439997,0.7082651,-4.583866
3.459997,0.7072958,-4.595963
3.479997,0.7063264,-4.608022
3.499997,0.7053571,-4.620045
3.519997,0.7043877,-4.63203
3.539997,0.7034183,-4.643977
3.559997,0.7024488,-4.655887
3.579997,0.7014794,-4.66776
3.599997,0.70051,-4.679595
3.619997,0.6995405,-4.691393
3.639997,0.698571,-4.703153
3.659997,0.6976016,-4.714876
3.679997,0.6966321,-4.726562
3.699997,0.6956626,-4.73821
3.719997,0.694693,-4.74982
3.739997,0.6937235,-4.761394
3.759997,0.692754,-4.772929
3.779997,0.6917844,-4.784427
3.799997,0.6908149,-4.795888
3.819997,0.6898453,-4.807311
3.839997,0.6888757,-4.818697
3.859997,0.6879061,-4.830045
3.879997,0.6869366,-4.841356
3.899997,0.6859669,-4.85263
3.919997,0.6849973,-4.863866
3.939997,0.6840276,-4.875064
3.959997,0.683058,-4.886226
3.979997,0.6820883,-4.897349
3.999997,0.6811186,-4.908436
4.019997,0.6801489,-4.919485
4.039997,0.6791793,-4.930497
4.059997,0.6782095,-4.941471
4.079997,0.6772398,-4.952408
4.099997,0.6762701,-4.963307
4.119997,0.6753004,-4.97417
4.139997,0.6743307,-4.984995
4.159997,0.6733609,-4.995782
4.179997,0.6723911,-5.006533
4.199997,0.6714214,-5.017246
4.219997,0.6704516,-5.027922
4.239997,0.6694818,-5.03856
4.259997,0.668512,-5.049162
4.279997,0.6675422,-5.059726
4.299997,0.6665724,-5.070253
4.319997,0.6656026,-5.080743
4.339997,0.6646327,-5.091196
4.359997,0.6636629,-5.101612
4.379997,0.662693,-5.11199
4.399997,0.6617231,-5.122331
4.419997,0.6607532,-5.132636
4.439997,0.6597833,-5.142903
4.459997,0.6588134,-5.153133
4.479997,0.6578435,-5.163326
4.499997,0.6568735,-5.173482
4.519997,0.6559036,-5.183602
4.539997,0.6549336,-5.193685
4.559997,0.6539637,-5.20373
4.579997,0.6529937,-5.213739
4.599997,0.6520237,-5.223711
4.619997,0.6510537,-5.233646
4.639997,0.6500838,-5.243545
4.659997,0.6491137,-5.253407
4.679996,0.6481437,-5.263232
4.699996,0.6471737,-5.273021
4.719996,0.6462036,-5.282773
4.739996,0.6452336,-5.292488
4.759996,0.6442636,-5.302166
4.779996,0.6432935,-5.311808
4.799996,0.6423234,-5.321414
4.819996,0.6413533,-5.330983
4.839996,0.6403832,-5.340516
4.859996,0.6394131,-5.350012
4.879996,0.638443,-5.359472
4.899996,0.6374729,-5.368896
4.919996,0.6365027,-5.378283
4.939996,0.6355326,-5.387634
4.959996,0.6345624,-5.396949
4.979996,0.6335923,-5.406228
4.999996,0.6326221,-5.415471
5.019996,0.6316519,-5.424677
5.039996,0.6306818,-5.433848
5.059996,0.6297116,-5.442983
5.079996,0.6287413,-5.452081
5.099996,0.6277711,-5.461144
5.119996,0.6268009,-5.470171
5.139996,0.6258307,-5.479162
5.159996,0.6248604,-5.488118
5.179996,0.6238902,-5.497037
5.199996,0.6229199,-5.505921
5.219996,0.6219496,-5.51477
5.239996,0.6209793,-5.523582
5.259996,0.6200091,-5.53236
5.279996,0.6190388,-5.541101
5.299996,0.6180685,-5.549808
5.319996,0.6170981,-5.558478
5.339996,0.6161278,-5.567114
5.359996,0.6151574,-5.575714
5.379996,0.6141871,-5.584279
5.399996,0.6132167,-5.592809
5.419996,0.6122464,-5.601304
5.439996,0.611276,-5.609763
5.459996,0.6103056,-5.618188
5.479996,0.6093352,-5.626577
5.499996,0.6083649,-5.634932
5.519996,0.6073945,-5.643252
5.539996,0.606424,-5.651537
5.559996,0.6054536,-5.659787
5.579996,0.6044832,-5.668003
5.599996,0.6035128,-5.676183
5.619996,0.6025423,-5.68433
5.639996,0.6015719,-5.692441
5.659996,0.6006014,-5.700518
5.679996,0.5996309,-5.708561
5.699996,0.5986604,-5.716569
5.719995,0.5976899,-5.724544
5.739995,0.5967194,-5.732483
5.759995,0.5957489,-5.740389
5.779995,0.5947784,-5.74826
5.799995,0.5938079,-5.756098
5.819995,0.5928373,-5.763901
5.839995,0.5918668,-5.771671
5.859995,0.5908962,-5.779406
5.879995,0.5899257,-5.787107
5.899995,0.5889551,-5.794775
5.919995,0.5879846,-5.80241
5.939995,0.587014,-5.81001
5.959995,0.5860434,-5.817577
5.979995,0.5850728,-5.82511
5.999995,0.5841022,-5.83261
6.019995,0.5831316,-5.840076
6.039995,0.5821609,-5.847509
6.059995,0.5811903,-5.854909
6.079995,0.5802197,-5.862276
6.099995,0.579249,-5.869609
6.119995,0.5782784,-5.87691
6.139995,0.5773077,-5.884177
6.159995,0.576337,-5.891412
6.179995,0.5753664,-5.898613
6.199995,0.5743957,-5.905782
6.219995,0.573425,-5.912918
6.239995,0.5724543,-5.920022
6.259995,0.5714836,-5.927092
6.279995,0.5705129,-5.93413
6.299995,0.5695422,-5.941136
6.319995,0.5685714,-5.948109
6.339995,0.5676007,-5.95505
6.359995,0.5666299,-5.961958
6.379995,0.5656592,-5.968835
6.399995,0.5646884,-5.975679
6.419995,0.5637177,-5.982491
6.439995,0.5627469,-5.989271
6.459995,0.5617761,-5.996019
6.479995,0.5608053,-6.002736
6.499995,0.5598345,-6.00942
6.519995,0.5588638,-6.016073
6.539995,0.5578929,-6.022694
6.559995,0.5569221,-6.029283
6.579995,0.5559513,-6.035841
6.599995,0.5549805,-6.042367
6.619995,0.5540096,-6.048862
6.639995,0.5530388,-6.055326
6.659995,0.5520679,-6.061759
6.679995,0.551097,-6.068161
6.699995,0.5501261,-6.074531
6.719995,0.5491552,-6.080871
6.739995,0.5481844,-6.087179
6.759995,0.5472135,-6.093457
6.779994,0.5462426,-6.099704
6.799994,0.5452717,-6.10592
6.819994,0.5443008,-6.112105
6.839994,0.5433298,-6.11826
6.859994,0.5423589,-6.124385
6.879994,0.541388,-6.130479
6.899994,0.5404171,-6.136543
6.919994,0.5394461,-6.142576
6.939994,0.5384752,-6.14858
6.959994,0.5375042,-6.154553
6.979994,0.5365332,-6.160496
6.999994,0.5355622,-6.166409
7.019994,0.5345913,-6.172293
7.039994,0.5336203,-6.178147
7.059994,0.5326493,-6.183971
7.079994,0.5316783,-6.189765
7.099994,0.5307072,-6.19553
7.119994,0.5297362,-6.201266
7.139994,0.5287652,-6.206972
7.159994,0.5277942,-6.212648
7.179994,0.5268232,-6.218296
7.199994,0.5258521,-6.223914
7.219994,0.5248811,-6.229503
7.239994,0.52391,-6.235063
7.259994,0.522939,-6.240594
7.279994,0.5219679,-6.246096
7.299994,0.5209968,-6.25157
7.319994,0.5200257,-6.257015
7.339994,0.5190547,-6.262431
7.359994,0.5180836,-6.267819
7.379994,0.5171124,-6.273178
7.399994,0.5161414,-6.278509
7.419994,0.5151703,-6.283812
7.439994,0.5141991,-6.289086
7.459994,0.513228,-6.294332
7.479994,0.5122569,-6.29955
7.499994,0.5112858,-6.30474
7.519994,0.5103146,-6.309903
7.539994,0.5093435,-6.315037
7.559994,0.5083723,-6.320144
7.579994,0.5074012,-6.325223
7.599994,0.50643,-6.330275
7.619994,0.5054588,-6.335299
7.639994,0.5044876,-6.340296
7.659994,0.5035164,-6.345265
7.679994,0.5025452,-6.350207
7.699994,0.5015741,-6.355122
7.719994,0.5006029,-6.36001
7.739994,0.4996317,-6.364871
7.759994,0.4986605,-6.369705
7.779994,0.4976892,-6.374512
7.799994,0.496718,-6.379292
7.819993,0.4957468,-6.384046
7.839993,0.4947756,-6.388773
7.859993,0.4938043,-6.393474
7.879993,0.4928331,-6.398149
7.899993,0.4918619,-6.402797
7.919993,0.4908906,-6.407419
7.939993,0.4899193,-6.412014
7.959993,0.488948,-6.416584
7.979993,0.4879768,-6.421127
7.999993,0.4870055,-6.425645
8.019994,0.4860342,-6.430137
8.039994,0.4850629,-6.434603
8.059995,0.4840916,-6.439043
8.079995,0.4831204,-6.443458
8.099996,0.482149,-6.447847
8.119996,0.4811777,-6.452211
8.139997,0.4802064,-6.45655
8.159997,0.4792351,-6.460863
8.179997,0.4782638,-6.465151
8.199998,0.4772924,-6.469414
8.219998,0.4763211,-6.473652
8.239999,0.4753498,-6.477866
8.259999,0.4743784,-6.482054
8.28,0.4734071,-6.486218
8.3,0.4724357,-6.490357
8.320001,0.4714643,-6.494472
8.340001,0.470493,-6.498561
8.360002,0.4695216,-6.502627
8.380002,0.4685502,-6.506668
8.400002,0.4675788,-6.510685
8.420003,0.4666074,-6.514678
8.440003,0.465636,-6.518647
8.460004,0.4646646,-6.522592
8.480004,0.4636932,-6.526513
8.500005,0.4627218,-6.53041
8.520005,0.4617504,-6.534283
8.540006,0.460779,-6.538133
8.560006,0.4598076,-6.541959
8.580007,0.4588361,-6.545762
8.600007,0.4578647,-6.549541
8.620008,0.4568932,-6.553297
8.640008,0.4559218,-6.55703
8.660008,0.4549504,-6.56074
8.680009,0.4539789,-6.564426
8.700009,0.4530074,-6.568089
8.72001,0.452036,-6.57173
8.74001,0.4510645,-6.575348
8.760011,0.450093,-6.578943
8.780011,0.4491215,-6.582516
8.800012,0.44815,-6.586066
8.820012,0.4471786,-6.589593
8.840013,0.446207,-6.593099
8.860013,0.4452356,-6.596581
8.880013,0.4442641,-6.600042
8.900014,0.4432925,-6.603481
8.920014,0.442321,-6.606897
8.940015,0.4413495,-6.610292
8.960015,0.440378,-6.613665
8.980016,0.4394065,-6.617016
9.000016,0.4384349,-6.620345
9.020017,0.4374634,-6.623653
9.040017,0.4364918,-6.626939
9.060018,0.4355203,-6.630204
9.080018,0.4345488,-6.633448
9.100019,0.4335772,-6.63667
9.120019,0.4326056,-6.639871
9.140019,0.4316341,-6.643051
9.16002,0.4306625,-6.64621
9.18002,0.429691,-6.649348
9.200021,0.4287194,-6.652465
9.220021,0.4277478,-6.655561
9.240022,0.4267762,-6.658637
9.260022,0.4258046,-6.661692
9.280023,0.424833,-6.664726
9.300023,0.4238614,-6.66774
9.320024,0.4228898,-6.670734
9.340024,0.4219182,-6.673707
9.360024,0.4209466,-6.676661
9.380025,0.419975,-6.679594
9.400025,0.4190034,-6.682507
9.420026,0.4180318,-6.6854
9.440026,0.4170601,-6.688274
9.460027,0.4160885,-6.691128
9.480027,0.4151169,-6.693962
9.500028,0.4141452,-6.696776
9.520028,0.4131736,-6.699571
9.540029,0.4122019,-6.702346
9.560029,0.4112303,-6.705102
9.580029,0.4102587,-6.707839
9.60003,0.409287,-6.710557
9.62003,0.4083153,-6.713255
9.640031,0.4073437,-6.715935
9.660031,0.406372,-6.718596
9.680032,0.4054003,-6.721237
9.700032,0.4044286,-6.72386
9.720033,0.403457,-6.726465
9.740033,0.4024853,-6.729051
9.760034,0.4015136,-6.731618
9.780034,0.4005419,-6.734167
9.800035,0.3995702,-6.736697
9.820035,0.3985985,-6.739209
9.840035,0.3976268,-6.741703
9.860036,0.3966551,-6.744179
9.880036,0.3956834,-6.746636
9.900037,0.3947117,-6.749076
9.920037,0.39374,-6.751498
9.940038,0.3927682,-6.753902
9.960038,0.3917965,-6.756289
9.980039,0.3908248,-6.758658
10.00004,0.3898531,-6.761009
10.02004,0.3888814,-6.763343
10.04004,0.3879096,-6.76566
10.06004,0.3869379,-6.767959
10.08004,0.3859661,-6.770241
10.10004,0.3849944,-6.772506
10.12004,0.3840226,-6.774754
10.14004,0.3830509,-6.776985
10.16004,0.3820791,-6.779199
10.18004,0.3811073,-6.781396
10.20004,0.3801355,-6.783576
10.22004,0.3791638,-6.78574
10.24004,0.378192,-6.787888
10.26005,0.3772202,-6.790018
10.28005,0.3762484,-6.792132
10.30005,0.3752767,-6.79423
10.32005,0.3743049,-6.796312
10.34005,0.3733331,-6.798378
10.36005,0.3723613,-6.800427
10.38005,0.3713895,-6.802461
10.40005,0.3704177,-6.804478
10.42005,0.3694459,-6.80648
10.44005,0.3684741,-6.808466
10.46005,0.3675023,-6.810436
10.48005,0.3665304,-6.812391
10.50005,0.3655587,-6.81433
10.52005,0.3645868,-6.816253
10.54005,0.363615,-6.818161
10.56005,0.3626432,-6.820055
10.58005,0.3616714,-6.821932
10.60005,0.3606995,-6.823795
10.62005,0.3597277,-6.825642
10.64005,0.3587559,-6.827475
10.66005,0.357784,-6.829292
10.68005,0.3568122,-6.831094
10.70006,0.3558403,-6.832882
10.72006,0.3548685,-6.834655
10.74006,0.3538966,-6.836414
10.76006,0.3529248,-6.838158
10.78006,0.3519529,-6.839887
10.80006,0.350981,-6.841602
10.82006,0.3500092,-6.843303
10.84006,0.3490373,-6.84499
10.86006,0.3480654,-6.846662
10.88006,0.3470936,-6.84832
10.90006,0.3461217,-6.849965
10.92006,0.3451498,-6.851595
10.94006,0.3441779,-6.853212
10.96006,0.343206,-6.854815
10.98006,0.3422342,-6.856404
11.00006,0.3412623,-6.857979
11.02006,0.3402904,-6.859541
11.04006,0.3393185,-6.86109
11.06006,0.3383466,-6.862625
11.08006,0.3373747,-6.864146
11.10006,0.3364028,-6.865655
11.12006,0.3354309,-6.86715
11.14007,0.334459,-6.868632
11.16007,0.3334871,-6.870101
11.18007,0.3325152,-6.871558
11.20007,0.3315432,-6.873001
11.22007,0.3305713,-6.874432
11.24007,0.3295994,-6.875849
11.26007,0.3286275,-6.877254
11.28007,0.3276555,-6.878647
11.30007,0.3266836,-6.880027
11.32007,0.3257117,-6.881394
11.34007,0.3247397,-6.88275
11.36007,0.3237678,-6.884092
11.38007,0.3227959,-6.885423
11.40007,0.3218239,-6.886741
11.42007,0.320852,-6.888048
11.44007,0.31988,-6.889342
11.46007,0.3189081,-6.890624
11.48007,0.3179362,-6.891894
11.50007,0.3169642,-6.893153
11.52007,0.3159922,-6.8944
11.54007,0.3150203,-6.895636
11.56007,0.3140483,-6.896859
11.58008,0.3130763,-6.898071
11.60008,0.3121044,-6.899272
11.62008,0.3111324,-6.900461
11.64008,0.3101605,-6.901639
11.66008,0.3091885,-6.902806
11.68008,0.3082165,-6.903961
11.70008,0.3072445,-6.905106
11.72008,0.3062725,-6.906239
11.74008,0.3053006,-6.907362
11.76008,0.3043286,-6.908473
11.78008,0.3033566,-6.909574
11.80008,0.3023846,-6.910664
11.82008,0.3014126,-6.911743
11.84008,0.3004407,-6.912811
11.86008,0.2994686,-6.913869
11.88008,0.2984966,-6.914917
11.90008,0.2975246,-6.915954
11.92008,0.2965526,-6.916981
11.94008,0.2955806,-6.917997
11.96008,0.2946086,-6.919003
11.98008,0.2936366,-6.92
12.00008,0.2926646,-6.920986
12.02009,0.2916926,-6.921962
12.04009,0.2907206,-6.922928
12.06009,0.2897486,-6.923884
12.08009,0.2887766,-6.92483
12.10009,0.2878046,-6.925766
12.12009,0.2868325,-6.926693
12.14009,0.2858605,-6.92761
12.16009,0.2848885,-6.928518
12.18009,0.2839165,-6.929416
12.20009,0.2829445,-6.930305
12.22009,0.2819724,-6.931184
12.24009,0.2810004,-6.932054
12.26009,0.2800284,-6.932914
12.28009,0.2790564,-6.933766
12.30009,0.2780843,-6.934608
12.32009,0.2771123,-6.935442
12.34009,0.2761402,-6.936266
12.36009,0.2751682,-6.937082
12.38009,0.2741961,-6.937888
12.40009,0.2732241,-6.938686
12.42009,0.2722521,-6.939475
12.44009,0.27128,-6.940255
12.4601,0.270308,-6.941026
12.4801,0.2693359,-6.941789
12.5001,0.2683639,-6.942544
12.5201,0.2673918,-6.94329
12.5401,0.2664198,-6.944027
12.5601,0.2654477,-6.944757
12.5801,0.2644756,-6.945478
12.6001,0.2635036,-6.946191
12.6201,0.2625315,-6.946896
12.6401,0.2615595,-6.947592
12.6601,0.2605874,-6.948281
12.6801,0.2596154,-6.948962
12.7001,0.2586433,-6.949635
12.7201,0.2576712,-6.9503
12.7401,0.2566991,-6.950957
12.7601,0.2557271,-6.951606
12.7801,0.254755,-6.952248
12.8001,0.2537829,-6.952882
12.8201,0.2528108,-6.953509
12.8401,0.2518387,-6.954128
12.8601,0.2508667,-6.95474
12.88011,0.2498946,-6.955345
12.90011,0.2489225,-6.955942
12.92011,0.2479504,-6.956532
12.94011,0.2469783,-6.957114
12.96011,0.2460062,-6.95769
12.98011,0.2450341,-6.958258
13.00011,0.244062,-6.95882
13.02011,0.2430899,-6.959374
13.04011,0.2421178,-6.959922
13.06011,0.2411457,-6.960463
13.08011,0.2401737,-6.960997
13.10011,0.2392016,-6.961524
13.12011,0.2382295,-6.962045
13.14011,0.2372574,-6.962559
13.16011,0.2362853,-6.963066
13.18011,0.2353131,-6.963567
13.20011,0.234341,-6.964061
13.22011,0.2333689,-6.964549
13.24011,0.2323968,-6.965031
13.26011,0.2314247,-6.965506
13.28011,0.2304526,-6.965975
13.30011,0.2294805,-6.966437
13.32012,0.2285084,-6.966894
13.34012,0.2275363,-6.967344
13.36012,0.2265642,-6.967789
13.38012,0.2255921,-6.968227
13.40012,0.2246199,-6.968659
13.42012,0.2236478,-6.969086
13.44012,0.2226757,-6.969507
13.46012,0.2217036,-6.969922
13.48012,0.2207314,-6.970331
13.50012,0.2197593,-6.970734
13.52012,0.2187872,-6.971132
13.54012,0.2178151,-6.971525
13.56012,0.2168429,-6.971911
13.58012,0.2158708,-6.972293
13.60012,0.2148987,-6.972669
13.62012,0.2139265,-6.973039
13.64012,0.2129544,-6.973404
13.66012,0.2119823,-6.973764
13.68012,0.2110101,-6.974119
13.70012,0.210038,-6.974469
13.72012,0.2090659,-6.974813
13.74012,0.2080937,-6.975152
13.76013,0.2071216,-6.975486
13.78013,0.2061495,-6.975815
13.80013,0.2051773,-6.97614
13.82013,0.2042052,-6.976459
13.84013,0.203233,-6.976774
13.86013,0.2022609,-6.977084
13.88013,0.2012887,-6.977389
13.90013,0.2003166,-6.977689
13.92013,0.1993444,-6.977985
13.94013,0.1983723,-6.978276
13.96013,0.1974002,-6.978562
13.98013,0.196428,-6.978844
14.00013,0.1954559,-6.979122
14.02013,0.1944837,-6.979395
14.04013,0.1935116,-6.979663
14.06013,0.1925394,-6.979928
14.08013,0.1915673,-6.980187
14.10013,0.1905951,-6.980443
14.12013,0.1896229,-6.980695
14.14013,0.1886508,-6.980942
14.16013,0.1876786,-6.981185
14.18013,0.1867065,-6.981425
14.20014,0.1857343,-6.98166
14.22014,0.1847622,-6.981891
14.24014,0.18379,-6.982119
14.26014,0.1828178,-6.982342
14.28014,0.1818457,-6.982561
14.30014,0.1808735,-6.982777
14.32014,0.1799013,-6.982988
14.34014,0.1789292,-6.983197
14.36014,0.177957,-6.983401
14.38014,0.1769849,-6.983602
14.40014,0.1760127,-6.983799
14.42014,0.1750405,-6.983993
14.44014,0.1740684,-6.984183
14.46014,0.1730962,-6.98437
14.48014,0.172124,-6.984553
14.50014,0.1711519,-6.984733
14.52014,0.1701797,-6.98491
14.54014,0.1692075,-6.985083
14.56014,0.1682353,-6.985252
14.58014,0.1672632,-6.985419
14.60014,0.166291,-6.985582
14.62014,0.1653188,-6.985743
14.64015,0.1643467,-6.9859
14.66015,0.1633745,-6.986054
14.68015,0.1624023,-6.986205
14.70015,0.1614301,-6.986353
14.72015,0.1604579,-6.986498
14.74015,0.1594858,-6.98664
14.76015,0.1585136,-6.986779
14.78015,0.1575414,-6.986916
14.80015,0.1565692,-6.987049
14.82015,0.155597,-6.98718
14.84015,0.1546249,-6.987308
14.86015,0.1536527,-6.987433
14.88015,0.1526805,-6.987556
14.90015,0.1517083,-6.987675
14.92015,0.1507361,-6.987792
14.94015,0.149764,-6.987907
14.96015,0.1487918,-6.988019
14.98015,0.1478196,-6.988129
15.00015,0.1468474,-6.988236
15.02015,0.1458752,-6.988341
15.04015,0.144903,-6.988444
15.06015,0.1439309,-6.988544
15.08016,0.1429587,-6.988642
15.10016,0.1419865,-6.988737
15.12016,0.1410143,-6.98883
15.14016,0.1400421,-6.988921
15.16016,0.1390699,-6.98901
15.18016,0.1380977,-6.989096
15.20016,0.1371256,-6.989181
15.22016,0.1361534,-6.989263
15.24016,0.1351812,-6.989343
15.26016,0.134209,-6.989421
15.28016,0.1332368,-6.989498
15.30016,0.1322646,-6.989572
15.32016,0.1312924,-6.989645
15.34016,0.1303202,-6.989715
15.36016,0.129348,-6.989784
15.38016,0.1283758,-6.989851
15.40016,0.1274036,-6.989915
15.42016,0.1264314,-6.989978
15.44016,0.1254592,-6.990039
15.46016,0.124487,-6.990099
15.48016,0.1235148,-6.990157
15.50016,0.1225426,-6.990213
15.52017,0.1215704,-6.990267
15.54017,0.1205982,-6.99032
15.56017,0.1196261,-6.990372
15.58017,0.1186539,-6.990421
15.60017,0.1176817,-6.990469
15.62017,0.1167095,-6.990516
15.64017,0.1157373,-6.990561
15.66017,0.1147651,-6.990605
15.68017,0.1137929,-6.990648
15.70017,0.1128207,-6.990689
15.72017,0.1118485,-6.990728
15.74017,0.1108763,-6.990767
15.76017,0.1099041,-6.990803
15.78017,0.1089319,-6.990839
15.80017,0.1079597,-6.990873
15.82017,0.1069875,-6.990906
15.84017,0.1060153,-6.990938
15.86017,0.1050431,-6.990969
15.88017,0.1040709,-6.990998
15.90017,0.1030987,-6.991026
15.92017,0.1021265,-6.991054
15.94018,0.1011543,-6.99108
15.96018,0.100182,-6.991105
15.98018,0.09920985,-6.991129
16.00018,0.09823765,-6.991152
16.02018,0.09726544,-6.991174
16.04018,0.09629324,-6.991195
16.06018,0.09532104,-6.991215
16.08018,0.09434883,-6.991234
16.10018,0.09337663,-6.991252
16.12018,0.09240443,-6.991269
16.14018,0.09143222,-6.991286
16.16018,0.09046002,-6.991302
16.18018,0.08948781,-6.991316
16.20018,0.08851561,-6.99133
16.22018,0.0875434,-6.991343
16.24018,0.08657119,-6.991356
16.26018,0.08559898,-6.991368
16.28018,0.08462678,-6.991379
16.30018,0.08365458,-6.991389
16.32018,0.08268237,-6.991399
16.34018,0.08171017,-6.991408
16.36018,0.08073796,-6.991416
16.38018,0.07976575,-6.991424
16.40018,0.07879355,-6.991431
16.42019,0.07782134,-6.991437
16.44019,0.07684913,-6.991444
16.46019,0.07587692,-6.991449
16.48019,0.07490472,-6.991454
16.50019,0.07393251,-6.991458
16.52019,0.0729603,-6.991462
16.54019,0.07198809,-6.991465
16.56019,0.07101588,-6.991468
16.58019,0.07004368,-6.99147
16.60019,0.06907146,-6.991472
16.62019,0.06809926,-6.991474
16.64019,0.06712705,-6.991475
16.66019,0.06615484,-6.991476
16.68019,0.06518263,-6.991477
16.70019,0.06421042,-6.991477
16.72019,0.06323821,-6.991477
16.74019,0.062266,-6.991476
16.76019,0.0612938,-6.991475
16.78019,0.06032159,-6.991474
16.80019,0.05934938,-6.991473
16.82019,0.05837717,-6.991471
16.84019,0.05740496,-6.991469
16.8602,0.05643275,-6.991467
16.8802,0.05546054,-6.991465
16.9002,0.05448833,-6.991463
16.9202,0.05351612,-6.99146
16.9402,0.05254391,-6.991457
16.9602,0.0515717,-6.991454
16.9802,0.05059949,-6.991451
17.0002,0.04962728,-6.991447
17.0202,0.04865507,-6.991444
17.0402,0.04768287,-6.99144
17.0602,0.04671066,-6.991436
17.0802,0.04573845,-6.991433
17.1002,0.04476624,-6.991429
17.1202,0.04379402,-6.991425
17.1402,0.04282181,-6.991421
17.1602,0.04184961,-6.991417
17.1802,0.0408774,-6.991413
17.2002,0.03990519,-6.991408
17.2202,0.03893299,-6.991404
17.2402,0.03796078,-6.9914
17.2602,0.03698858,-6.991395
17.2802,0.03601637,-6.991391
17.30021,0.03504416,-6.991387
17.32021,0.03407195,-6.991383
17.34021,0.03309974,-6.991378
17.36021,0.03212754,-6.991374
17.38021,0.03115533,-6.99137
17.40021,0.03018313,-6.991366
17.42021,0.02921092,-6.991362
17.44021,0.02823871,-6.991358
17.46021,0.02726651,-6.991354
17.48021,0.0262943,-6.991351
17.50021,0.02532209,-6.991347
17.52021,0.02434989,-6.991343
17.54021,0.02337768,-6.99134
17.56021,0.02240547,-6.991336
17.58021,0.02143326,-6.991333
17.60021,0.02046106,-6.99133
17.62021,0.01948885,-6.991327
17.64021,0.01851664,-6.991324
17.66021,0.01754444,-6.991321
17.68021,0.01657223,-6.991318
17.70021,0.01560002,-6.991316
17.72021,0.01462781,-6.991313
17.74022,0.0136556,-6.991311
17.76022,0.0126834,-6.991309
17.78022,0.01171119,-6.991307
17.80022,0.01073898,-6.991305
17.82022,0.009766771,-6.991304
17.84022,0.008794563,-6.991302
17.86022,0.007822355,-6.991301
17.88022,0.006850147,-6.9913
17.90022,0.005877939,-6.991299
17.92022,0.004905731,-6.991298
17.94022,0.003933522,-6.991298
17.96022,0.002961315,-6.991297
17.98022,0.001989106,-6.991297
18.00022,0.001016898,-6.991297
18.02022,4.469086E-05,-6.991297
18.04022,0,-6.991297
18.06022,2.086376E-07,-6.991297
18.08022,2.235373E-07,-6.991297
18.10022,2.087016E-07,-6.991297
18.12022,1.939217E-07,-6.991297
18.14022,2.089573E-07,-6.991297
18.16022,1.201389E-07,-6.991297
18.18023,1.945403E-07,-6.991297
18.20023,6.559836E-07,-6.991297
18.22023,2.09977E-07,-6.991297
18.24023,2.10337E-07,-6.991297
18.26023,1.959988E-07,-6.991297
18.28023,6.713548E-07,-6.991297
18.30023,1.532516E-07,-6.991297
18.32023,1.975592E-07,-6.991297
18.34023,6.718517E-07,-6.991297
18.36023,2.279529E-07,-6.991297
18.38023,2.140073E-07,-6.991297
18.40023,2.002439E-07,-6.991297
18.42023,6.875536E-07,-6.991297
18.44023,2.305925E-07,-6.991297
18.46023,2.026956E-07,-6.991297
18.48023,0,-6.991297
18.50023,0,-6.991297
18.52023,0,-6.991297
18.54023,0,-6.991297
18.56023,0,-6.991297
18.58023,0,-6.991297
18.60023,0,-6.991297
18.62024,0,-6.991297
18.64024,0,-6.991297
18.66024,0,-6.991297
18.68024,0,-6.991297
18.70024,0,-6.991297
18.72024,0,-6.991297
18.74024,0,-6.991297
18.76024,0,-6.991297
18.78024,0,-6.991297
18.80024,0,-6.991297
18.82024,0,-6.991297
18.84024,0,-6.991297
18.86024,0,-6.991297
18.88024,0,-6.991297
18.90024,0,-6.991297
18.92024,0,-6.991297
18.94024,0,-6.991297
18.96024,0,-6.991297
18.98024,0,-6.991297
19.00024,0,-6.991297
19.02024,0,-6.991297
19.04025,0,-6.991297
19.06025,0,-6.991297
19.08025,0,-6.991297
19.10025,0,-6.991297
19.12025,0,-6.991297
19.14025,0,-6.991297
19.16025,0,-6.991297
19.18025,0,-6.991297
19.20025,0,-6.991297
19.22025,0,-6.991297
19.24025,0,-6.991297
19.26025,0,-6.991297
19.28025,0,-6.991297
19.30025,0,-6.991297
19.32025,0,-6.991297
19.34025,0,-6.991297
19.36025,0,-6.991297
19.38025,0,-6.991297
19.40025,0,-6.991297
19.42025,0,-6.991297
19.44025,0,-6.991297
19.46025,0,-6.991297
19.48026,0,-6.991297
19.50026,0,-6.991297
19.52026,0,-6.991297
19.54026,0,-6.991297
19.56026,0,-6.991297
19.58026,0,-6.991297
19.60026,0,-6.991297
19.62026,0,-6.991297
19.64026,0,-6.991297
19.66026,0,-6.991297
19.68026,0,-6.991297
19.70026,0,-6.991297
19.72026,0,-6.991297
19.74026,0,-6.991297
19.76026,0,-6.991297
19.78026,0,-6.991297
19.80026,0,-6.991297
19.82026,0,-6.991297
19.84026,0,-6.991297
19.86026,0,-6.991297
19.88026,0,-6.991297
19.90026,0,-6.991297
19.92027,0,-6.991297
19.94027,0,-6.991297
19.96027,0,-6.991297
19.98027,0,-6.991297
20.00027,0,-6.991297
20.02027,0,-6.991297
20.04027,0,-6.991297
20.06027,0,-6.991297
20.08027,0,-6.991297
20.10027,0,-6.991297
20.12027,0,-6.991297
