t,x_x(t) [cube 2],x_y(t) [cube 2],x_z(t) [cube 2],F(t) [cube 2]
0.02,3.835545,0.5,1.916731E-07,2.102437
0.04,3.877806,0.5,1.924008E-07,2.113057
0.06,3.92016,0.5,1.93105E-07,2.117722
0.08,3.962514,0.5,1.937885E-07,2.117722
0.09999999,4.004869,0.5,1.944445E-07,2.117722
0.12,4.047224,0.5,1.950896E-07,2.117722
0.14,4.089578,0.5,1.957449E-07,2.117722
0.16,4.131933,0.5,1.964255E-07,2.117722
0.18,4.174287,0.5,1.971373E-07,2.117722
0.2,4.216642,0.5,1.978735E-07,2.117722
0.22,4.258996,0.5,1.986299E-07,2.117722
0.24,4.301351,0.5,1.994106E-07,2.117722
0.26,4.343706,0.5,2.001894E-07,2.117722
0.28,4.38606,0.5,2.009595E-07,2.117722
0.3,4.428415,0.5,2.016932E-07,2.117722
0.32,4.470769,0.5,2.023991E-07,2.117722
0.34,4.513124,0.5,2.030833E-07,2.117722
0.36,4.555479,0.5,2.037565E-07,2.117722
0.38,4.597833,0.5,2.044179E-07,2.117722
0.4,4.640188,0.5,2.050951E-07,2.117722
0.42,4.682542,0.5,2.05801E-07,2.117722
0.4400001,4.724897,0.5,2.064713E-07,2.117722
0.4600001,4.767251,0.5,2.071394E-07,2.117722
0.4800001,4.809606,0.5,2.078392E-07,2.117722
0.5000001,4.851961,0.5,2.085186E-07,2.117722
0.52,4.894315,0.5,2.092213E-07,2.117722
0.54,4.93667,0.5,2.099157E-07,2.117722
0.56,4.979024,0.5,2.106026E-07,2.117722
0.58,5.021379,0.5,2.112899E-07,2.117722
0.6,5.063734,0.5000001,2.119716E-07,2.117722
0.6199999,5.106088,0.5000001,2.12677E-07,2.117722
0.6399999,5.148443,0.5000001,2.133674E-07,2.117722
0.6599999,5.190797,0.5,2.140404E-07,2.117722
0.6799999,5.233152,0.5,2.147025E-07,2.117722
0.6999999,5.275506,0.5,2.153848E-07,2.117722
0.7199998,5.317861,0.5,2.160395E-07,2.117722
0.7399998,5.360216,0.5,2.167072E-07,2.117722
0.7599998,5.40257,0.5,2.17359E-07,2.117722
0.7799998,5.444925,0.5,2.180056E-07,2.117722
0.7999998,5.487279,0.5,2.186541E-07,2.117722
0.8199998,5.529634,0.5,2.192911E-07,2.117722
0.8399997,5.571989,0.5,2.199022E-07,2.117722
0.8599997,5.614343,0.5,2.205627E-07,2.117722
0.8799997,5.656698,0.5,2.212137E-07,2.117722
0.8999997,5.699052,0.5,2.218499E-07,2.117722
0.9199997,5.741407,0.5,2.224717E-07,2.117722
0.9399996,5.783762,0.5,2.231015E-07,2.117722
0.9599996,5.826116,0.5,2.237401E-07,2.117722
0.9799996,5.868471,0.5,2.243756E-07,2.117722
0.9999996,5.910825,0.5,2.250241E-07,2.117722
1.02,5.95318,0.5,2.256745E-07,2.117722
1.04,5.995534,0.5,2.263424E-07,2.117722
1.06,6.037889,0.5,2.269992E-07,2.117722
1.08,6.080244,0.5,2.276557E-07,2.117722
1.1,6.122598,0.5,2.283081E-07,2.117722
1.12,6.164953,0.5,2.289852E-07,2.117722
1.14,6.207307,0.5,2.297103E-07,2.117722
1.159999,6.249662,0.5,2.30412E-07,2.117722
1.179999,6.292017,0.5,2.311391E-07,2.117722
1.199999,6.334371,0.5,2.319055E-07,2.117722
1.219999,6.376726,0.5,2.327137E-07,2.117722
1.239999,6.41908,0.5,2.335756E-07,2.117722
1.259999,6.461435,0.5,2.344148E-07,2.117722
1.279999,6.503789,0.5,2.352826E-07,2.117722
1.299999,6.546144,0.5,2.361878E-07,2.117722
1.319999,6.588499,0.5,2.37047E-07,2.117722
1.339999,6.630853,0.5,2.379135E-07,2.117722
1.359999,6.673208,0.5,2.387428E-07,2.117722
1.379999,6.715562,0.5,2.395759E-07,2.117722
1.399999,6.757917,0.5,2.403982E-07,2.117722
1.419999,6.800272,0.5,2.412638E-07,2.117722
1.439999,6.842626,0.5,2.421205E-07,2.117722
1.459999,6.884981,0.5000017,2.429448E-07,2.117722
1.479999,6.927335,0.5000051,2.409274E-07,2.117723
1.499999,6.96969,0.5000073,2.351347E-07,2.117724
1.519999,7.012044,0.5000057,2.199456E-07,2.117731
1.539999,7.054399,0.4999896,1.900092E-07,2.117758
1.559999,7.096756,0.4998834,1.601128E-07,2.117797
1.579999,7.139114,0.4994372,1.303033E-07,2.118032
1.599999,7.181481,0.4982734,1.005042E-07,2.119172
1.619999,7.223866,0.4960268,7.071552E-08,2.122199
1.639999,7.266268,0.4923916,4.087185E-08,2.127901
1.659999,7.308694,0.4868681,1.105553E-08,2.139179
1.679999,7.351148,0.4791652,-1.908732E-08,2.157381
1.699999,7.393636,0.4690093,-4.849292E-08,2.184254
1.719999,7.436124,0.4566278,-7.794099E-08,2.212773
1.739999,7.478612,0.441077,-1.073833E-07,2.26223
1.759999,7.521101,0.422391,-1.368465E-07,2.320782
1.779999,7.563589,0.4004711,-1.663228E-07,2.390464
1.799999,7.606077,0.3752029,-1.957981E-07,2.471702
1.819999,7.648565,0.3460107,-2.252735E-07,2.577512
1.839999,7.691053,0.3128946,-2.547488E-07,2.693476
1.859999,7.733541,0.2758544,-2.842242E-07,2.818341
1.879999,7.776029,0.2348903,-3.136996E-07,2.950977
1.899999,7.818517,0.1900021,-3.431749E-07,3.090385
1.919999,7.861005,0.14119,-3.726503E-07,3.235688
1.939999,7.903493,0.08845383,-4.021256E-07,3.386128
1.959999,7.945982,0.03179368,-4.31601E-07,3.541051
1.979999,7.98847,-0.02879046,-4.610764E-07,3.699893
1.999999,8.030958,-0.0932986,-4.905517E-07,3.862171
2.019999,8.073446,-0.1617307,-5.200271E-07,4.027469
2.039999,8.115934,-0.2340869,-5.495024E-07,4.195431
2.059999,8.158422,-0.310367,-5.789778E-07,4.365748
2.079999,8.200911,-0.3905711,-6.084531E-07,4.538157
2.099999,8.243399,-0.4746993,-6.379285E-07,4.712427
2.119999,8.285887,-0.5627514,-6.674039E-07,4.888359
2.139999,8.328375,-0.6547275,-6.968792E-07,5.065781
2.159999,8.370863,-0.7506276,-7.263546E-07,5.24454
2.179999,8.413351,-0.8504518,-7.558299E-07,5.424505
2.199999,8.455839,-0.9541999,-7.853053E-07,5.605559
2.219999,8.498327,-1.061872,-8.147807E-07,5.787601
2.239999,8.540815,-1.173468,-8.44256E-07,5.97054
2.259999,8.583303,-1.288988,-8.737314E-07,6.154295
2.279999,8.625792,-1.408432,-9.032067E-07,6.338798
2.299999,8.66828,-1.531801,-9.326821E-07,6.523982
2.319999,8.710768,-1.659093,-9.621574E-07,6.709793
2.339998,8.753256,-1.790309,-9.916328E-07,6.896179
2.359998,8.795744,-1.925449,-1.021108E-06,7.083095
2.379998,8.838232,-2.064513,-1.050583E-06,7.2705
2.399998,8.88072,-2.207501,-1.080059E-06,7.458358
2.419998,8.923208,-2.354413,-1.109534E-06,7.646635
2.439998,8.965696,-2.505249,-1.13901E-06,7.8353
2.459998,9.008184,-2.660009,-1.168485E-06,8.024327
2.479998,9.050673,-2.818693,-1.19796E-06,8.213691
2.499998,9.093161,-2.981302,-1.227436E-06,8.403368
2.519998,9.135649,-3.147834,-1.256911E-06,8.593338
2.539998,9.178137,-3.31829,-1.286386E-06,8.783583
2.559998,9.220625,-3.49267,-1.315862E-06,8.974083
2.579998,9.263113,-3.670974,-1.345337E-06,9.164824
2.599998,9.305601,-3.853202,-1.374812E-06,9.355792
2.619998,9.348089,-4.039354,-1.404288E-06,9.546971
2.639998,9.390577,-4.229431,-1.433763E-06,9.73835
2.659998,9.433065,-4.423431,-1.463239E-06,9.929917
2.679998,9.475554,-4.621355,-1.492714E-06,10.12166
2.699998,9.518042,-4.823203,-1.522189E-06,10.31357
2.719998,9.56053,-5.028975,-1.551665E-06,10.50564
2.739998,9.603018,-5.238672,-1.58114E-06,10.69787
2.759998,9.645506,-5.452292,-1.610615E-06,10.89023
2.779998,9.687994,-5.669836,-1.640091E-06,11.08273
2.799998,9.730482,-5.891304,-1.669566E-06,11.27535
2.819998,9.77297,-6.116696,-1.699041E-06,11.4681
2.839998,9.815458,-6.346013,-1.728517E-06,11.66096
2.859998,9.857946,-6.579253,-1.757992E-06,11.85393
2.879998,9.900434,-6.816417,-1.787467E-06,12.047
2.899998,9.942923,-7.057505,-1.816943E-06,12.24018
2.919998,9.985411,-7.302517,-1.846418E-06,12.43345
2.939998,10.0279,-7.551454,-1.875894E-06,12.62681
2.959998,10.07039,-7.804314,-1.905369E-06,12.82025
2.979998,10.11287,-8.061098,-1.934844E-06,13.01378
2.999998,10.15536,-8.321806,-1.96432E-06,13.20739
3.019998,10.19785,-8.586438,-1.993795E-06,13.40107
3.039998,10.24034,-8.854995,-2.02327E-06,13.59483
3.059998,10.28283,-9.127475,-2.052746E-06,13.78865
3.079998,10.32532,-9.403879,-2.082221E-06,13.98254
3.099998,10.3678,-9.684208,-2.111696E-06,14.1765
3.119998,10.41029,-9.96846,-2.141172E-06,14.37051
3.139998,10.45278,-10.25664,-2.170647E-06,14.56458
3.159998,10.49527,-10.54874,-2.200122E-06,14.75871
3.179998,10.53776,-10.84476,-2.229598E-06,14.9529
3.199998,10.58024,-11.14471,-2.259073E-06,15.14713
3.219998,10.62273,-11.44858,-2.288549E-06,15.34142
3.239998,10.66522,-11.75638,-2.318024E-06,15.53575
3.259998,10.70771,-12.0681,-2.347499E-06,15.73013
3.279998,10.7502,-12.38374,-2.376975E-06,15.92456
3.299998,10.79268,-12.70331,-2.40645E-06,16.11903
3.319998,10.83517,-13.0268,-2.435925E-06,16.31354
3.339998,10.87766,-13.35422,-2.465401E-06,16.50808
3.359998,10.92015,-13.68556,-2.494876E-06,16.70267
3.379997,10.96264,-14.02082,-2.524351E-06,16.89729
3.399997,11.00513,-14.36001,-2.553827E-06,17.09196
3.419997,11.04761,-14.70313,-2.583302E-06,17.28665
3.439997,11.0901,-15.05016,-2.612778E-06,17.48138
3.459997,11.13259,-15.40112,-2.642253E-06,17.67614
3.479997,11.17508,-15.75601,-2.671728E-06,17.87093
3.499997,11.21757,-16.11481,-2.701204E-06,18.06576
3.519997,11.26005,-16.47755,-2.730679E-06,18.26061
3.539997,11.30254,-16.8442,-2.760154E-06,18.45549
3.559997,11.34503,-17.21478,-2.78963E-06,18.6504
3.579997,11.38752,-17.58929,-2.819105E-06,18.84534
3.599997,11.43001,-17.96771,-2.84858E-06,19.0403
3.619997,11.47249,-18.35007,-2.878056E-06,19.23528
3.639997,11.51498,-18.73634,-2.907531E-06,19.4303
3.659997,11.55747,-19.12654,-2.937006E-06,19.62533
3.679997,11.59996,-19.52067,-2.966482E-06,19.82039
3.699997,11.64245,-19.91872,-2.995957E-06,20.01547
3.719997,11.68493,-20.32069,-3.025433E-06,20.21057
3.739997,11.72742,-20.72658,-3.054908E-06,20.40569
3.759997,11.76991,-21.1364,-3.084383E-06,20.60084
3.779997,11.8124,-21.55015,-3.113859E-06,20.796
3.799997,11.85489,-21.96782,-3.143334E-06,20.99118
3.819997,11.89738,-22.38941,-3.172809E-06,21.18638
3.839997,11.93986,-22.81492,-3.202285E-06,21.3816
3.859997,11.98235,-23.24436,-3.23176E-06,21.57684
3.879997,12.02484,-23.67773,-3.261235E-06,21.77209
3.899997,12.06733,-24.11502,-3.290711E-06,21.96737
3.919997,12.10982,-24.55623,-3.320186E-06,22.16265
3.939997,12.1523,-25.00136,-3.349661E-06,22.35796
3.959997,12.19479,-25.45042,-3.379137E-06,22.55328
3.979997,12.23728,-25.90341,-3.408612E-06,22.74861
3.999997,12.27977,-26.36032,-3.438088E-06,22.94396
4.019997,12.32226,-26.82115,-3.467563E-06,23.13933
4.039997,12.36474,-27.2859,-3.497038E-06,23.3347
4.059997,12.40723,-27.75458,-3.526514E-06,23.5301
4.079997,12.44972,-28.22719,-3.555989E-06,23.7255
4.099997,12.49221,-28.70372,-3.585464E-06,23.92092
4.119997,12.5347,-29.18417,-3.61494E-06,24.11635
4.139997,12.57718,-29.66854,-3.644415E-06,24.31179
4.159997,12.61967,-30.15684,-3.67389E-06,24.50725
4.179997,12.66216,-30.64907,-3.703366E-06,24.70271
4.199997,12.70465,-31.14521,-3.732841E-06,24.89819
4.219997,12.74714,-31.64529,-3.762317E-06,25.09368
4.239997,12.78963,-32.14928,-3.791792E-06,25.28918
4.259997,12.83211,-32.6572,-3.821267E-06,25.48469
4.279997,12.8746,-33.16904,-3.850742E-06,25.68021
4.299997,12.91709,-33.68481,-3.880218E-06,25.87575
4.319997,12.95958,-34.2045,-3.909693E-06,26.07129
4.339997,13.00207,-34.72812,-3.939168E-06,26.26684
4.359997,13.04455,-35.25566,-3.968644E-06,26.4624
4.379997,13.08704,-35.78712,-3.998119E-06,26.65797
4.399997,13.12953,-36.32251,-4.027595E-06,26.85355
4.419997,13.17202,-36.86182,-4.05707E-06,27.04914
4.439997,13.21451,-37.40506,-4.086545E-06,27.24474
4.459997,13.25699,-37.95222,-4.116021E-06,27.44035
4.479997,13.29948,-38.5033,-4.145496E-06,27.63596
4.499997,13.34197,-39.05831,-4.174971E-06,27.83158
4.519997,13.38446,-39.61724,-4.204447E-06,28.02721
4.539997,13.42695,-40.1801,-4.233922E-06,28.22285
4.559997,13.46943,-40.74688,-4.263397E-06,28.4185
4.579997,13.51192,-41.31758,-4.292873E-06,28.61415
4.599997,13.55441,-41.89221,-4.322348E-06,28.80981
4.619997,13.5969,-42.47076,-4.351823E-06,29.00548
4.639997,13.63939,-43.05323,-4.381299E-06,29.20116
4.659997,13.68188,-43.63963,-4.410774E-06,29.39684
4.679996,13.72436,-44.22996,-4.44025E-06,29.59253
4.699996,13.76685,-44.8242,-4.469725E-06,29.78823
4.719996,13.80934,-45.42237,-4.4992E-06,29.98393
4.739996,13.85183,-46.02447,-4.528676E-06,30.17964
4.759996,13.89432,-46.63049,-4.558151E-06,30.37536
4.779996,13.9368,-47.24043,-4.587626E-06,30.57108
4.799996,13.97929,-47.8543,-4.617102E-06,30.76681
4.819996,14.02178,-48.47209,-4.646577E-06,30.96254
4.839996,14.06427,-49.09381,-4.676052E-06,31.15828
4.859996,14.10676,-49.71945,-4.705528E-06,31.35403
4.879996,14.14924,-50.34901,-4.735003E-06,31.54978
4.899996,14.19173,-50.9825,-4.764478E-06,31.74554
4.919996,14.23422,-51.61991,-4.793954E-06,31.9413
4.939996,14.27671,-52.26125,-4.823429E-06,32.13707
4.959996,14.3192,-52.90651,-4.852905E-06,32.33284
4.979996,14.36168,-53.55569,-4.88238E-06,32.52862
4.999996,14.40417,-54.2088,-4.911855E-06,32.72441
5.019996,14.44666,-54.86583,-4.941331E-06,32.9202
5.039996,14.48915,-55.52679,-4.970806E-06,33.11599
5.059996,14.53164,-56.19167,-5.000281E-06,33.31179
5.079996,14.57413,-56.86047,-5.029757E-06,33.5076
5.099996,14.61661,-57.5332,-5.059232E-06,33.7034
5.119996,14.6591,-58.20985,-5.088707E-06,33.89922
5.139996,14.70159,-58.89043,-5.118183E-06,34.09504
5.159996,14.74408,-59.57493,-5.147658E-06,34.29086
5.179996,14.78657,-60.26335,-5.177134E-06,34.48668
5.199996,14.82905,-60.9557,-5.206609E-06,34.68251
5.219996,14.87154,-61.65197,-5.236084E-06,34.87835
5.239996,14.91403,-62.35217,-5.26556E-06,35.07419
5.259996,14.95652,-63.05629,-5.295035E-06,35.27003
5.279996,14.99901,-63.76433,-5.32451E-06,35.46588
5.299996,15.04149,-64.4763,-5.353986E-06,35.66173
5.319996,15.08398,-65.19218,-5.383461E-06,35.85759
5.339996,15.12647,-65.912,-5.412936E-06,36.05344
5.359996,15.16896,-66.63574,-5.442412E-06,36.24931
5.379996,15.21145,-67.3634,-5.471887E-06,36.44517
5.399996,15.25393,-68.09499,-5.501362E-06,36.64104
5.419996,15.29642,-68.83051,-5.530838E-06,36.83691
5.439996,15.33891,-69.56994,-5.560313E-06,37.03279
5.459996,15.3814,-70.3133,-5.589789E-06,37.22867
5.479996,15.42389,-71.06059,-5.619264E-06,37.42455
5.499996,15.46638,-71.81179,-5.648739E-06,37.62044
5.519996,15.50886,-72.56693,-5.678215E-06,37.81633
5.539996,15.55135,-73.32598,-5.70769E-06,38.01222
5.559996,15.59384,-74.08896,-5.737165E-06,38.20812
5.579996,15.63633,-74.85587,-5.766641E-06,38.40402
5.599996,15.67882,-75.62669,-5.796116E-06,38.59992
5.619996,15.7213,-76.40144,-5.825591E-06,38.79583
5.639996,15.76379,-77.18012,-5.855067E-06,38.99173
5.659996,15.80628,-77.96272,-5.884542E-06,39.18764
5.679996,15.84877,-78.74924,-5.914017E-06,39.38356
5.699996,15.89126,-79.5397,-5.943493E-06,39.57948
5.719995,15.93374,-80.33407,-5.972968E-06,39.7754
5.739995,15.97623,-81.13236,-6.002444E-06,39.97132
5.759995,16.01872,-81.93459,-6.031919E-06,40.16724
5.779995,16.06121,-82.74073,-6.061394E-06,40.36317
5.799995,16.1037,-83.5508,-6.09087E-06,40.5591
5.819995,16.14618,-84.36479,-6.120345E-06,40.75504
5.839995,16.18867,-85.18271,-6.14982E-06,40.95097
5.859995,16.23116,-86.00455,-6.179296E-06,41.14691
5.879995,16.27365,-86.83031,-6.208771E-06,41.34285
5.899995,16.31614,-87.66,-6.238246E-06,41.5388
5.919995,16.35863,-88.49361,-6.267722E-06,41.73474
5.939995,16.40111,-89.33115,-6.297197E-06,41.93069
5.959995,16.4436,-90.17262,-6.326673E-06,42.12664
5.979995,16.48609,-91.018,-6.356148E-06,42.32259
5.999995,16.52858,-91.86731,-6.385623E-06,42.51855
6.019995,16.57107,-92.72054,-6.415099E-06,42.7145
6.039995,16.61355,-93.5777,-6.444574E-06,42.91047
6.059995,16.65604,-94.43878,-6.474049E-06,43.10643
6.079995,16.69853,-95.30379,-6.503525E-06,43.30239
6.099995,16.74102,-96.17271,-6.533E-06,43.49836
6.119995,16.78351,-97.04557,-6.562475E-06,43.69432
6.139995,16.82599,-97.92235,-6.591951E-06,43.8903
6.159995,16.86848,-98.80305,-6.621426E-06,44.08627
6.179995,16.91097,-99.68768,-6.650901E-06,44.28224
6.199995,16.95346,-100.5762,-6.680377E-06,44.47822
6.219995,16.99595,-101.4687,-6.709852E-06,44.6742
6.239995,17.03843,-102.3651,-6.739328E-06,44.87018
6.259995,17.08092,-103.2654,-6.768803E-06,45.06616
6.279995,17.12341,-104.1697,-6.798278E-06,45.26214
6.299995,17.1659,-105.0778,-6.827754E-06,45.45813
6.319995,17.20839,-105.9899,-6.857229E-06,45.65412
6.339995,17.25088,-106.9059,-6.886704E-06,45.85011
6.359995,17.29336,-107.8259,-6.91618E-06,46.0461
6.379995,17.33585,-108.7498,-6.945655E-06,46.24209
6.399995,17.37834,-109.6775,-6.97513E-06,46.43809
6.419995,17.42083,-110.6093,-7.004606E-06,46.63408
6.439995,17.46332,-111.5449,-7.034081E-06,46.83008
6.459995,17.5058,-112.4845,-7.063556E-06,47.02608
6.479995,17.54829,-113.4279,-7.093032E-06,47.22208
6.499995,17.59078,-114.3754,-7.122507E-06,47.41809
6.519995,17.63327,-115.3267,-7.151983E-06,47.61409
6.539995,17.67576,-116.282,-7.181458E-06,47.8101
6.559995,17.71824,-117.2411,-7.210933E-06,48.00611
6.579995,17.76073,-118.2042,-7.240409E-06,48.20212
6.599995,17.80322,-119.1713,-7.269884E-06,48.39813
6.619995,17.84571,-120.1422,-7.299359E-06,48.59414
6.639995,17.8882,-121.1171,-7.328835E-06,48.79016
6.659995,17.93069,-122.0959,-7.35831E-06,48.98617
6.679995,17.97317,-123.0786,-7.387785E-06,49.18219
6.699995,18.01566,-124.0653,-7.417261E-06,49.37821
6.719995,18.05815,-125.0558,-7.446736E-06,49.57423
6.739995,18.10064,-126.0503,-7.476212E-06,49.77025
6.759995,18.14313,-127.0488,-7.505687E-06,49.96627
6.779994,18.18561,-128.0511,-7.535162E-06,50.1623
6.799994,18.2281,-129.0574,-7.564638E-06,50.35833
6.819994,18.27059,-130.0676,-7.594113E-06,50.55435
6.839994,18.31308,-131.0817,-7.623588E-06,50.75038
6.859994,18.35557,-132.0997,-7.653063E-06,50.94641
6.879994,18.39805,-133.1217,-7.682538E-06,51.14244
6.899994,18.44054,-134.1476,-7.712013E-06,51.33847
6.919994,18.48303,-135.1774,-7.741488E-06,51.53451
6.939994,18.52552,-136.2112,-7.770963E-06,51.73055
6.959994,18.56801,-137.2488,-7.800438E-06,51.92658
6.979994,18.61049,-138.2904,-7.829913E-06,52.12262
6.999994,18.65298,-139.3359,-7.859388E-06,52.31866
7.019994,18.69547,-140.3853,-7.888862E-06,52.5147
7.039994,18.73796,-141.4387,-7.918337E-06,52.71074
7.059994,18.78045,-142.496,-7.947812E-06,52.90678
7.079994,18.82294,-143.5572,-7.977287E-06,53.10283
7.099994,18.86542,-144.6223,-8.006762E-06,53.29887
7.119994,18.90791,-145.6914,-8.036237E-06,53.49492
7.139994,18.9504,-146.7644,-8.065712E-06,53.69096
7.159994,18.99289,-147.8413,-8.095187E-06,53.88701
7.179994,19.03538,-148.9221,-8.124662E-06,54.08306
7.199994,19.07786,-150.0068,-8.154137E-06,54.27911
7.219994,19.12035,-151.0955,-8.183611E-06,54.47516
7.239994,19.16284,-152.1881,-8.213086E-06,54.67122
7.259994,19.20533,-153.2846,-8.242561E-06,54.86727
7.279994,19.24782,-154.3851,-8.272036E-06,55.06332
7.299994,19.2903,-155.4895,-8.301511E-06,55.25938
7.319994,19.33279,-156.5977,-8.330986E-06,55.45544
7.339994,19.37528,-157.71,-8.360461E-06,55.65149
7.359994,19.41777,-158.8261,-8.389936E-06,55.84755
7.379994,19.46026,-159.9462,-8.419411E-06,56.04361
7.399994,19.50274,-161.0702,-8.448886E-06,56.23967
7.419994,19.54523,-162.1981,-8.478361E-06,56.43573
7.439994,19.58772,-163.3299,-8.507835E-06,56.6318
7.459994,19.63021,-164.4657,-8.53731E-06,56.82786
7.479994,19.6727,-165.6054,-8.566785E-06,57.02393
7.499994,19.71519,-166.749,-8.59626E-06,57.21999
7.519994,19.75767,-167.8965,-8.625735E-06,57.41606
7.539994,19.80016,-169.048,-8.65521E-06,57.61213
7.559994,19.84265,-170.2034,-8.684685E-06,57.80819
7.579994,19.88514,-171.3627,-8.71416E-06,58.00426
7.599994,19.92763,-172.5259,-8.743635E-06,58.20033
7.619994,19.97011,-173.6931,-8.77311E-06,58.3964
7.639994,20.0126,-174.8642,-8.802584E-06,58.59248
7.659994,20.05509,-176.0392,-8.832059E-06,58.78855
7.679994,20.09758,-177.2181,-8.861534E-06,58.98462
7.699994,20.14007,-178.4009,-8.891009E-06,59.1807
7.719994,20.18255,-179.5877,-8.920484E-06,59.37677
7.739994,20.22504,-180.7784,-8.949959E-06,59.57285
7.759994,20.26753,-181.973,-8.979434E-06,59.76892
7.779994,20.31002,-183.1716,-9.008909E-06,59.965
7.799994,20.35251,-184.374,-9.038384E-06,60.16108
7.819993,20.39499,-185.5804,-9.067859E-06,60.35716
7.839993,20.43748,-186.7907,-9.097334E-06,60.55324
7.859993,20.47997,-188.005,-9.126808E-06,60.74932
7.879993,20.52246,-189.2232,-9.156283E-06,60.9454
7.899993,20.56495,-190.4453,-9.185758E-06,61.14149
7.919993,20.60744,-191.6713,-9.215233E-06,61.33757
7.939993,20.64992,-192.9012,-9.244708E-06,61.53365
7.959993,20.69241,-194.1351,-9.274183E-06,61.72974
7.979993,20.7349,-195.3728,-9.303658E-06,61.92582
7.999993,20.77739,-196.6146,-9.333133E-06,62.12191
8.019994,20.81988,-197.8602,-9.362608E-06,62.318
8.039994,20.86236,-199.1098,-9.392083E-06,62.51408
8.059995,20.90485,-200.3632,-9.421557E-06,62.71017
8.079995,20.94734,-201.6206,-9.451032E-06,62.90626
8.099996,20.98983,-202.882,-9.480507E-06,63.10235
8.119996,21.03232,-204.1472,-9.509982E-06,63.29844
8.139997,21.0748,-205.4164,-9.539457E-06,63.49453
8.159997,21.11729,-206.6895,-9.568932E-06,63.69062
8.179997,21.15978,-207.9665,-9.598407E-06,63.88672
8.199998,21.20227,-209.2475,-9.627882E-06,64.08281
8.219998,21.24476,-210.5324,-9.657357E-06,64.2789
8.239999,21.28724,-211.8212,-9.686832E-06,64.47499
8.259999,21.32973,-213.1139,-9.716307E-06,64.67108
8.28,21.37222,-214.4105,-9.745781E-06,64.86717
8.3,21.41471,-215.7111,-9.775256E-06,65.06326
8.320001,21.4572,-217.0156,-9.804731E-06,65.25935
8.340001,21.49969,-218.324,-9.834206E-06,65.45545
8.360002,21.54217,-219.6364,-9.863681E-06,65.65154
8.380002,21.58466,-220.9526,-9.893156E-06,65.84764
8.400002,21.62715,-222.2728,-9.922631E-06,66.04374
8.420003,21.66964,-223.5969,-9.952106E-06,66.23983
8.440003,21.71213,-224.925,-9.981581E-06,66.43593
8.460004,21.75461,-226.2569,-1.001106E-05,66.63203
8.480004,21.7971,-227.5928,-1.004053E-05,66.82813
8.500005,21.83959,-228.9326,-1.007001E-05,67.02422
8.520005,21.88208,-230.2764,-1.009948E-05,67.22032
8.540006,21.92457,-231.624,-1.012896E-05,67.41642
8.560006,21.96705,-232.9756,-1.015843E-05,67.61253
8.580007,22.00954,-234.3311,-1.01879E-05,67.80862
8.600007,22.05203,-235.6906,-1.021738E-05,68.00472
8.620008,22.09452,-237.0539,-1.024685E-05,68.20083
8.640008,22.13701,-238.4212,-1.027633E-05,68.39693
8.660008,22.17949,-239.7924,-1.03058E-05,68.59303
8.680009,22.22198,-241.1675,-1.033528E-05,68.78914
8.700009,22.26447,-242.5466,-1.036475E-05,68.98524
8.72001,22.30696,-243.9295,-1.039423E-05,69.18134
8.74001,22.34945,-245.3164,-1.04237E-05,69.37745
8.760011,22.39194,-246.7073,-1.045318E-05,69.57355
8.780011,22.43442,-248.102,-1.048265E-05,69.76966
8.800012,22.47691,-249.5007,-1.051213E-05,69.96577
8.820012,22.5194,-250.9033,-1.05416E-05,70.16188
8.840013,22.56189,-252.3098,-1.057108E-05,70.35799
8.860013,22.60438,-253.7202,-1.060055E-05,70.55409
8.880013,22.64686,-255.1346,-1.063003E-05,70.7502
8.900014,22.68935,-256.5529,-1.06595E-05,70.94631
8.920014,22.73184,-257.9751,-1.068898E-05,71.14242
8.940015,22.77433,-259.4012,-1.071845E-05,71.33853
8.960015,22.81682,-260.8313,-1.074793E-05,71.53465
8.980016,22.8593,-262.2653,-1.07774E-05,71.73075
9.000016,22.90179,-263.7032,-1.080688E-05,71.92686
9.020017,22.94428,-265.145,-1.083635E-05,72.12298
9.040017,22.98677,-266.5908,-1.086583E-05,72.31909
9.060018,23.02926,-268.0405,-1.08953E-05,72.51521
9.080018,23.07174,-269.4941,-1.092478E-05,72.71132
9.100019,23.11423,-270.9516,-1.095425E-05,72.90743
9.120019,23.15672,-272.4131,-1.098373E-05,73.10355
9.140019,23.19921,-273.8784,-1.10132E-05,73.29966
9.16002,23.2417,-275.3477,-1.104268E-05,73.49577
9.18002,23.28419,-276.821,-1.107215E-05,73.69189
9.200021,23.32667,-278.2981,-1.110163E-05,73.88801
9.220021,23.36916,-279.7792,-1.11311E-05,74.08412
9.240022,23.41165,-281.2642,-1.116058E-05,74.28024
9.260022,23.45414,-282.7531,-1.119005E-05,74.47636
9.280023,23.49663,-284.2459,-1.121953E-05,74.67248
9.300023,23.53911,-285.7427,-1.1249E-05,74.86859
9.320024,23.5816,-287.2434,-1.127848E-05,75.06471
9.340024,23.62409,-288.748,-1.130795E-05,75.26083
9.360024,23.66658,-290.2566,-1.133743E-05,75.45695
9.380025,23.70907,-291.769,-1.13669E-05,75.65307
9.400025,23.75155,-293.2854,-1.139638E-05,75.84919
9.420026,23.79404,-294.8057,-1.142585E-05,76.04531
9.440026,23.83653,-296.33,-1.145533E-05,76.24143
9.460027,23.87902,-297.8581,-1.14848E-05,76.43755
9.480027,23.92151,-299.3902,-1.151428E-05,76.63367
9.500028,23.96399,-300.9262,-1.154375E-05,76.8298
9.520028,24.00648,-302.4662,-1.157323E-05,77.02592
9.540029,24.04897,-304.01,-1.16027E-05,77.22205
9.560029,24.09146,-305.5578,-1.163218E-05,77.41817
9.580029,24.13395,-307.1095,-1.166165E-05,77.61429
9.60003,24.17644,-308.6651,-1.169113E-05,77.81042
9.62003,24.21892,-310.2247,-1.17206E-05,78.00654
9.640031,24.26141,-311.7881,-1.175007E-05,78.20267
9.660031,24.3039,-313.3556,-1.177955E-05,78.39879
9.680032,24.34639,-314.9269,-1.180902E-05,78.59492
9.700032,24.38888,-316.5021,-1.18385E-05,78.79105
9.720033,24.43136,-318.0813,-1.186797E-05,78.98717
9.740033,24.47385,-319.6644,-1.189745E-05,79.1833
9.760034,24.51634,-321.2514,-1.192692E-05,79.37943
9.780034,24.55883,-322.8423,-1.19564E-05,79.57555
9.800035,24.60132,-324.4372,-1.198587E-05,79.77168
9.820035,24.6438,-326.036,-1.201535E-05,79.9678
9.840035,24.68629,-327.6387,-1.204482E-05,80.16393
9.860036,24.72878,-329.2454,-1.20743E-05,80.36006
9.880036,24.77127,-330.8559,-1.210377E-05,80.55619
9.900037,24.81376,-332.4704,-1.213325E-05,80.75232
9.920037,24.85625,-334.0888,-1.216272E-05,80.94845
9.940038,24.89873,-335.7112,-1.21922E-05,81.14458
9.960038,24.94122,-337.3374,-1.222167E-05,81.34071
9.980039,24.98371,-338.9676,-1.225115E-05,81.53684
10.00004,25.0262,-340.6017,-1.228062E-05,81.73297
10.02004,25.06869,-342.2397,-1.23101E-05,81.92911
10.04004,25.11117,-343.8817,-1.233957E-05,82.12524
10.06004,25.15366,-345.5276,-1.236905E-05,82.32137
10.08004,25.19615,-347.1774,-1.239852E-05,82.5175
10.10004,25.23864,-348.8311,-1.2428E-05,82.71363
10.12004,25.28113,-350.4888,-1.245747E-05,82.90977
10.14004,25.32361,-352.1503,-1.248695E-05,83.1059
10.16004,25.3661,-353.8158,-1.251642E-05,83.30203
10.18004,25.40859,-355.4853,-1.25459E-05,83.49817
10.20004,25.45108,-357.1586,-1.257537E-05,83.69431
10.22004,25.49357,-358.8359,-1.260485E-05,83.89043
10.24004,25.53605,-360.5171,-1.263432E-05,84.08657
10.26005,25.57854,-362.2022,-1.26638E-05,84.28271
10.28005,25.62103,-363.8912,-1.269327E-05,84.47884
10.30005,25.66352,-365.5842,-1.272275E-05,84.67498
10.32005,25.70601,-367.2811,-1.275222E-05,84.87111
10.34005,25.7485,-368.9819,-1.27817E-05,85.06725
10.36005,25.79098,-370.6866,-1.281117E-05,85.26338
10.38005,25.83347,-372.3953,-1.284065E-05,85.45952
10.40005,25.87596,-374.1079,-1.287012E-05,85.65566
10.42005,25.91845,-375.8244,-1.28996E-05,85.8518
10.44005,25.96094,-377.5448,-1.292907E-05,86.04794
10.46005,26.00342,-379.2692,-1.295855E-05,86.24407
10.48005,26.04591,-380.9975,-1.298802E-05,86.44021
10.50005,26.0884,-382.7297,-1.30175E-05,86.63634
10.52005,26.13089,-384.4658,-1.304697E-05,86.83249
10.54005,26.17338,-386.2059,-1.307645E-05,87.02863
10.56005,26.21586,-387.9499,-1.310592E-05,87.22476
10.58005,26.25835,-389.6978,-1.31354E-05,87.42091
10.60005,26.30084,-391.4496,-1.316487E-05,87.61704
10.62005,26.34333,-393.2053,-1.319435E-05,87.81319
10.64005,26.38582,-394.965,-1.322382E-05,88.00932
10.66005,26.4283,-396.7286,-1.32533E-05,88.20547
10.68005,26.47079,-398.4961,-1.328277E-05,88.4016
10.70006,26.51328,-400.2676,-1.331224E-05,88.59775
10.72006,26.55577,-402.0429,-1.334172E-05,88.79388
10.74006,26.59826,-403.8222,-1.337119E-05,88.99003
10.76006,26.64075,-405.6054,-1.340067E-05,89.18617
10.78006,26.68323,-407.3926,-1.343014E-05,89.38232
10.80006,26.72572,-409.1837,-1.345962E-05,89.57845
10.82006,26.76821,-410.9786,-1.348909E-05,89.7746
10.84006,26.8107,-412.7776,-1.351857E-05,89.97074
10.86006,26.85319,-414.5804,-1.354804E-05,90.16689
10.88006,26.89567,-416.3871,-1.357752E-05,90.36303
10.90006,26.93816,-418.1978,-1.360699E-05,90.55917
10.92006,26.98065,-420.0125,-1.363647E-05,90.75531
10.94006,27.02314,-421.831,-1.366594E-05,90.95145
10.96006,27.06563,-423.6534,-1.369542E-05,91.1476
10.98006,27.10811,-425.4798,-1.372489E-05,91.34374
11.00006,27.1506,-427.3101,-1.375437E-05,91.53989
11.02006,27.19309,-429.1443,-1.378384E-05,91.73604
11.04006,27.23558,-430.9825,-1.381332E-05,91.93218
11.06006,27.27807,-432.8246,-1.384279E-05,92.12833
11.08006,27.32055,-434.6706,-1.387227E-05,92.32447
11.10006,27.36304,-436.5205,-1.390174E-05,92.52061
11.12006,27.40553,-438.3744,-1.393122E-05,92.71676
11.14007,27.44802,-440.2321,-1.396069E-05,92.91291
11.16007,27.49051,-442.0938,-1.399017E-05,93.10905
11.18007,27.533,-443.9594,-1.401964E-05,93.3052
11.20007,27.57548,-445.829,-1.404912E-05,93.50135
11.22007,27.61797,-447.7025,-1.407859E-05,93.69749
11.24007,27.66046,-449.5798,-1.410807E-05,93.89364
11.26007,27.70295,-451.4612,-1.413754E-05,94.08979
11.28007,27.74544,-453.3464,-1.416702E-05,94.28593
11.30007,27.78792,-455.2356,-1.419649E-05,94.48209
11.32007,27.83041,-457.1287,-1.422597E-05,94.67823
11.34007,27.8729,-459.0257,-1.425544E-05,94.87438
11.36007,27.91539,-460.9266,-1.428492E-05,95.07053
11.38007,27.95788,-462.8315,-1.431439E-05,95.26668
11.40007,28.00036,-464.7402,-1.434387E-05,95.46283
11.42007,28.04285,-466.653,-1.437334E-05,95.65897
11.44007,28.08534,-468.5696,-1.440282E-05,95.85513
11.46007,28.12783,-470.4901,-1.443229E-05,96.05128
11.48007,28.17032,-472.4146,-1.446177E-05,96.24742
11.50007,28.2128,-474.343,-1.449124E-05,96.44357
11.52007,28.25529,-476.2754,-1.452072E-05,96.63972
11.54007,28.29778,-478.2116,-1.455019E-05,96.83588
11.56007,28.34027,-480.1518,-1.457967E-05,97.03203
11.58008,28.38276,-482.0959,-1.460914E-05,97.22817
11.60008,28.42525,-484.0439,-1.463862E-05,97.42432
11.62008,28.46773,-485.9958,-1.466809E-05,97.62048
11.64008,28.51022,-487.9517,-1.469757E-05,97.81663
11.66008,28.55271,-489.9115,-1.472704E-05,98.01278
11.68008,28.5952,-491.8752,-1.475652E-05,98.20893
11.70008,28.63769,-493.8429,-1.478599E-05,98.40508
11.72008,28.68017,-495.8145,-1.481546E-05,98.60123
11.74008,28.72266,-497.7899,-1.484494E-05,98.79739
11.76008,28.76515,-499.7693,-1.487441E-05,98.99354
11.78008,28.80764,-501.7527,-1.490389E-05,99.18969
11.80008,28.85013,-503.74,-1.493336E-05,99.38584
11.82008,28.89261,-505.7311,-1.496284E-05,99.58199
11.84008,28.9351,-507.7263,-1.499231E-05,99.77815
11.86008,28.97759,-509.7253,-1.502179E-05,99.9743
11.88008,29.02008,-511.7282,-1.505126E-05,100.1705
11.90008,29.06257,-513.7351,-1.508074E-05,100.3666
11.92008,29.10505,-515.7459,-1.511021E-05,100.5628
11.94008,29.14754,-517.7606,-1.513969E-05,100.7589
11.96008,29.19003,-519.7793,-1.516916E-05,100.9551
11.98008,29.23252,-521.8019,-1.519864E-05,101.1512
12.00008,29.27501,-523.8284,-1.522811E-05,101.3474
12.02009,29.3175,-525.8588,-1.525759E-05,101.5435
12.04009,29.35998,-527.8931,-1.528706E-05,101.7397
12.06009,29.40247,-529.9314,-1.531654E-05,101.9358
12.08009,29.44496,-531.9736,-1.534601E-05,102.132
12.10009,29.48745,-534.0197,-1.537549E-05,102.3282
12.12009,29.52994,-536.0698,-1.540496E-05,102.5243
12.14009,29.57242,-538.1237,-1.543444E-05,102.7205
12.16009,29.61491,-540.1816,-1.546391E-05,102.9166
12.18009,29.6574,-542.2435,-1.549339E-05,103.1128
12.20009,29.69989,-544.3092,-1.552286E-05,103.3089
12.22009,29.74238,-546.3788,-1.555234E-05,103.5051
12.24009,29.78486,-548.4525,-1.558181E-05,103.7012
12.26009,29.82735,-550.53,-1.561129E-05,103.8974
12.28009,29.86984,-552.6114,-1.564076E-05,104.0936
12.30009,29.91233,-554.6968,-1.567024E-05,104.2897
12.32009,29.95482,-556.7861,-1.569971E-05,104.4859
12.34009,29.9973,-558.8793,-1.572919E-05,104.682
12.36009,30.03979,-560.9764,-1.575866E-05,104.8782
12.38009,30.08228,-563.0775,-1.578814E-05,105.0743
12.40009,30.12477,-565.1824,-1.581761E-05,105.2705
12.42009,30.16726,-567.2913,-1.584709E-05,105.4667
12.44009,30.20975,-569.4042,-1.587656E-05,105.6628
12.4601,30.25223,-571.5209,-1.590604E-05,105.859
12.4801,30.29472,-573.6416,-1.593551E-05,106.0551
12.5001,30.33721,-575.7662,-1.596499E-05,106.2513
12.5201,30.3797,-577.8947,-1.599446E-05,106.4474
12.5401,30.42219,-580.0272,-1.602394E-05,106.6436
12.5601,30.46467,-582.1635,-1.605341E-05,106.8398
12.5801,30.50716,-584.3038,-1.608289E-05,107.0359
12.6001,30.54965,-586.4481,-1.611236E-05,107.2321
12.6201,30.59214,-588.5962,-1.614184E-05,107.4282
12.6401,30.63463,-590.7482,-1.617131E-05,107.6244
12.6601,30.67711,-592.9042,-1.620079E-05,107.8206
12.6801,30.7196,-595.0641,-1.623026E-05,108.0167
12.7001,30.76209,-597.228,-1.625974E-05,108.2129
12.7201,30.80458,-599.3958,-1.628921E-05,108.409
12.7401,30.84707,-601.5674,-1.631869E-05,108.6052
12.7601,30.88955,-603.743,-1.634816E-05,108.8014
12.7801,30.93204,-605.9226,-1.637763E-05,108.9975
12.8001,30.97453,-608.1061,-1.640711E-05,109.1937
12.8201,31.01702,-610.2935,-1.643658E-05,109.3898
12.8401,31.05951,-612.4847,-1.646606E-05,109.586
12.8601,31.102,-614.68,-1.649553E-05,109.7822
12.88011,31.14448,-616.8792,-1.652501E-05,109.9783
12.90011,31.18697,-619.0822,-1.655448E-05,110.1745
12.92011,31.22946,-621.2892,-1.658396E-05,110.3706
12.94011,31.27195,-623.5002,-1.661343E-05,110.5668
12.96011,31.31444,-625.715,-1.664291E-05,110.763
12.98011,31.35692,-627.9338,-1.667238E-05,110.9591
13.00011,31.39941,-630.1565,-1.670186E-05,111.1553
13.02011,31.4419,-632.3831,-1.673133E-05,111.3514
13.04011,31.48439,-634.6136,-1.676081E-05,111.5476
13.06011,31.52688,-636.8481,-1.679028E-05,111.7438
13.08011,31.56936,-639.0865,-1.681976E-05,111.9399
13.10011,31.61185,-641.3289,-1.684923E-05,112.1361
13.12011,31.65434,-643.5751,-1.687871E-05,112.3323
13.14011,31.69683,-645.8253,-1.690818E-05,112.5284
13.16011,31.73932,-648.0793,-1.693766E-05,112.7246
13.18011,31.78181,-650.3373,-1.696713E-05,112.9208
13.20011,31.82429,-652.5993,-1.699661E-05,113.1169
13.22011,31.86678,-654.8652,-1.702608E-05,113.3131
13.24011,31.90927,-657.1349,-1.705556E-05,113.5092
13.26011,31.95176,-659.4086,-1.708503E-05,113.7054
13.28011,31.99425,-661.6863,-1.711451E-05,113.9016
13.30011,32.03674,-663.9678,-1.714398E-05,114.0977
13.32012,32.07922,-666.2533,-1.717346E-05,114.2939
13.34012,32.12171,-668.5427,-1.720293E-05,114.4901
13.36012,32.1642,-670.8361,-1.723241E-05,114.6862
13.38012,32.20669,-673.1333,-1.726188E-05,114.8824
13.40012,32.24918,-675.4345,-1.729136E-05,115.0785
13.42012,32.29166,-677.7396,-1.732083E-05,115.2747
13.44012,32.33415,-680.0486,-1.735031E-05,115.4709
13.46012,32.37664,-682.3616,-1.737978E-05,115.667
13.48012,32.41913,-684.6785,-1.740926E-05,115.8632
13.50012,32.46162,-686.9993,-1.743873E-05,116.0594
13.52012,32.5041,-689.324,-1.746821E-05,116.2555
13.54012,32.54659,-691.6526,-1.749768E-05,116.4517
13.56012,32.58908,-693.9852,-1.752716E-05,116.6479
13.58012,32.63157,-696.3217,-1.755663E-05,116.844
13.60012,32.67406,-698.6621,-1.758611E-05,117.0402
13.62012,32.71655,-701.0065,-1.761558E-05,117.2364
13.64012,32.75903,-703.3547,-1.764506E-05,117.4325
13.66012,32.80152,-705.7069,-1.767453E-05,117.6287
13.68012,32.84401,-708.063,-1.770401E-05,117.8249
13.70012,32.8865,-710.4231,-1.773348E-05,118.021
13.72012,32.92899,-712.787,-1.776296E-05,118.2172
13.74012,32.97147,-715.1549,-1.779243E-05,118.4134
13.76013,33.01396,-717.5267,-1.782191E-05,118.6095
13.78013,33.05645,-719.9025,-1.785138E-05,118.8057
13.80013,33.09894,-722.2821,-1.788086E-05,119.0019
13.82013,33.14143,-724.6657,-1.791033E-05,119.198
13.84013,33.18391,-727.0532,-1.79398E-05,119.3942
13.86013,33.2264,-729.4446,-1.796928E-05,119.5903
13.88013,33.26889,-731.84,-1.799875E-05,119.7865
13.90013,33.31138,-734.2393,-1.802823E-05,119.9827
13.92013,33.35387,-736.6425,-1.80577E-05,120.1788
13.94013,33.39635,-739.0496,-1.808718E-05,120.375
13.96013,33.43884,-741.4606,-1.811665E-05,120.5712
13.98013,33.48133,-743.8756,-1.814613E-05,120.7673
14.00013,33.52382,-746.2945,-1.81756E-05,120.9635
14.02013,33.56631,-748.7173,-1.820508E-05,121.1597
14.04013,33.6088,-751.144,-1.823455E-05,121.3559
14.06013,33.65128,-753.5747,-1.826403E-05,121.552
14.08013,33.69377,-756.0093,-1.82935E-05,121.7482
14.10013,33.73626,-758.4478,-1.832298E-05,121.9444
14.12013,33.77875,-760.8903,-1.835245E-05,122.1405
14.14013,33.82124,-763.3366,-1.838193E-05,122.3367
14.16013,33.86372,-765.7869,-1.84114E-05,122.5329
14.18013,33.90621,-768.2411,-1.844088E-05,122.729
14.20014,33.9487,-770.6993,-1.847035E-05,122.9252
14.22014,33.99119,-773.1613,-1.849983E-05,123.1214
14.24014,34.03368,-775.6273,-1.85293E-05,123.3175
14.26014,34.07616,-778.0972,-1.855878E-05,123.5137
14.28014,34.11865,-780.571,-1.858825E-05,123.7099
14.30014,34.16114,-783.0488,-1.861773E-05,123.906
14.32014,34.20363,-785.5305,-1.86472E-05,124.1022
14.34014,34.24612,-788.0161,-1.867668E-05,124.2984
14.36014,34.2886,-790.5056,-1.870615E-05,124.4945
14.38014,34.33109,-792.9991,-1.873563E-05,124.6907
14.40014,34.37358,-795.4965,-1.87651E-05,124.8869
14.42014,34.41607,-797.9977,-1.879458E-05,125.0831
14.44014,34.45856,-800.503,-1.882405E-05,125.2792
14.46014,34.50105,-803.0121,-1.885353E-05,125.4754
14.48014,34.54353,-805.5252,-1.8883E-05,125.6716
14.50014,34.58602,-808.0422,-1.891248E-05,125.8677
14.52014,34.62851,-810.5631,-1.894195E-05,126.0639
14.54014,34.671,-813.088,-1.897143E-05,126.2601
14.56014,34.71349,-815.6167,-1.90009E-05,126.4562
14.58014,34.75597,-818.1494,-1.903038E-05,126.6524
14.60014,34.79846,-820.686,-1.905985E-05,126.8486
14.62014,34.84095,-823.2266,-1.908933E-05,127.0447
14.64015,34.88344,-825.771,-1.91188E-05,127.2409
14.66015,34.92593,-828.3194,-1.914828E-05,127.4371
14.68015,34.96841,-830.8717,-1.917775E-05,127.6333
14.70015,35.0109,-833.4279,-1.920723E-05,127.8294
14.72015,35.05339,-835.9881,-1.92367E-05,128.0256
14.74015,35.09588,-838.5522,-1.926618E-05,128.2218
14.76015,35.13837,-841.1202,-1.929565E-05,128.418
14.78015,35.18085,-843.6921,-1.932513E-05,128.6141
14.80015,35.22334,-846.268,-1.93546E-05,128.8103
14.82015,35.26583,-848.8478,-1.938408E-05,129.0065
14.84015,35.30832,-851.4315,-1.941355E-05,129.2026
14.86015,35.35081,-854.0191,-1.944302E-05,129.3988
14.88015,35.3933,-856.6107,-1.94725E-05,129.595
14.90015,35.43578,-859.2061,-1.950197E-05,129.7911
14.92015,35.47827,-861.8055,-1.953145E-05,129.9873
14.94015,35.52076,-864.4089,-1.956092E-05,130.1835
14.96015,35.56325,-867.0161,-1.95904E-05,130.3797
14.98015,35.60574,-869.6273,-1.961987E-05,130.5758
15.00015,35.64822,-872.2424,-1.964935E-05,130.772
15.02015,35.69071,-874.8614,-1.967882E-05,130.9682
15.04015,35.7332,-877.4843,-1.97083E-05,131.1644
15.06015,35.77569,-880.1112,-1.973777E-05,131.3605
15.08016,35.81818,-882.742,-1.976725E-05,131.5567
15.10016,35.86066,-885.3767,-1.979672E-05,131.7529
15.12016,35.90315,-888.0153,-1.98262E-05,131.949
15.14016,35.94564,-890.6579,-1.985567E-05,132.1452
15.16016,35.98813,-893.3044,-1.988515E-05,132.3414
15.18016,36.03062,-895.9548,-1.991462E-05,132.5376
15.20016,36.0731,-898.6091,-1.99441E-05,132.7337
15.22016,36.11559,-901.2674,-1.997357E-05,132.9299
15.24016,36.15808,-903.9296,-2.000305E-05,133.1261
15.26016,36.20057,-906.5956,-2.003252E-05,133.3222
15.28016,36.24306,-909.2657,-2.0062E-05,133.5184
15.30016,36.28555,-911.9396,-2.009147E-05,133.7146
15.32016,36.32803,-914.6175,-2.012095E-05,133.9108
15.34016,36.37052,-917.2993,-2.015042E-05,134.1069
15.36016,36.41301,-919.985,-2.01799E-05,134.3031
15.38016,36.4555,-922.6747,-2.020937E-05,134.4993
15.40016,36.49799,-925.3683,-2.023885E-05,134.6954
15.42016,36.54047,-928.0658,-2.026832E-05,134.8916
15.44016,36.58296,-930.7672,-2.02978E-05,135.0878
15.46016,36.62545,-933.4725,-2.032727E-05,135.284
15.48016,36.66794,-936.1818,-2.035675E-05,135.4801
15.50016,36.71043,-938.895,-2.038622E-05,135.6763
15.52017,36.75291,-941.6121,-2.04157E-05,135.8725
15.54017,36.7954,-944.3332,-2.044517E-05,136.0687
15.56017,36.83789,-947.0582,-2.047465E-05,136.2648
15.58017,36.88038,-949.787,-2.050412E-05,136.461
15.60017,36.92287,-952.5198,-2.05336E-05,136.6572
15.62017,36.96535,-955.2566,-2.056307E-05,136.8534
15.64017,37.00784,-957.9973,-2.059255E-05,137.0495
15.66017,37.05033,-960.7418,-2.062202E-05,137.2457
15.68017,37.09282,-963.4904,-2.06515E-05,137.4419
15.70017,37.13531,-966.2428,-2.068097E-05,137.6381
15.72017,37.1778,-968.9991,-2.071045E-05,137.8342
15.74017,37.22028,-971.7594,-2.073992E-05,138.0304
15.76017,37.26277,-974.5236,-2.07694E-05,138.2266
15.78017,37.30526,-977.2917,-2.079887E-05,138.4227
15.80017,37.34775,-980.0638,-2.082835E-05,138.6189
15.82017,37.39024,-982.8398,-2.085782E-05,138.8151
15.84017,37.43272,-985.6197,-2.08873E-05,139.0113
15.86017,37.47521,-988.4035,-2.091677E-05,139.2074
15.88017,37.5177,-991.1912,-2.094625E-05,139.4036
15.90017,37.56019,-993.9829,-2.097572E-05,139.5998
15.92017,37.60268,-996.7785,-2.100519E-05,139.796
15.94018,37.64516,-999.578,-2.103467E-05,139.9921
15.96018,37.68765,-1002.381,-2.106414E-05,140.1883
15.98018,37.73014,-1005.189,-2.109362E-05,140.3845
16.00018,37.77263,-1008,-2.112309E-05,140.5807
16.02018,37.81512,-1010.815,-2.115257E-05,140.7769
16.04018,37.8576,-1013.635,-2.118204E-05,140.973
16.06018,37.90009,-1016.458,-2.121152E-05,141.1692
16.08018,37.94258,-1019.285,-2.124099E-05,141.3654
16.10018,37.98507,-1022.115,-2.127047E-05,141.5616
16.12018,38.02756,-1024.95,-2.129994E-05,141.7577
16.14018,38.07005,-1027.789,-2.132942E-05,141.9539
16.16018,38.11253,-1030.632,-2.135889E-05,142.1501
16.18018,38.15502,-1033.478,-2.138837E-05,142.3463
16.20018,38.19751,-1036.329,-2.141784E-05,142.5424
16.22018,38.24,-1039.183,-2.144732E-05,142.7386
16.24018,38.28249,-1042.042,-2.147679E-05,142.9348
16.26018,38.32497,-1044.904,-2.150627E-05,143.131
16.28018,38.36746,-1047.77,-2.153574E-05,143.3271
16.30018,38.40995,-1050.64,-2.156522E-05,143.5233
16.32018,38.45244,-1053.514,-2.159469E-05,143.7195
16.34018,38.49493,-1056.392,-2.162417E-05,143.9157
16.36018,38.53741,-1059.274,-2.165364E-05,144.1118
16.38018,38.5799,-1062.16,-2.168312E-05,144.308
16.40018,38.62239,-1065.05,-2.171259E-05,144.5042
16.42019,38.66488,-1067.944,-2.174207E-05,144.7004
16.44019,38.70737,-1070.841,-2.177154E-05,144.8965
16.46019,38.74986,-1073.743,-2.180102E-05,145.0927
16.48019,38.79234,-1076.648,-2.183049E-05,145.2889
16.50019,38.83483,-1079.558,-2.185997E-05,145.4851
16.52019,38.87732,-1082.471,-2.188944E-05,145.6812
16.54019,38.91981,-1085.388,-2.191892E-05,145.8774
16.56019,38.9623,-1088.309,-2.194839E-05,146.0736
16.58019,39.00478,-1091.234,-2.197787E-05,146.2698
16.60019,39.04727,-1094.163,-2.200734E-05,146.466
16.62019,39.08976,-1097.096,-2.203682E-05,146.6621
16.64019,39.13225,-1100.033,-2.206629E-05,146.8583
16.66019,39.17474,-1102.974,-2.209577E-05,147.0545
16.68019,39.21722,-1105.919,-2.212524E-05,147.2507
16.70019,39.25971,-1108.867,-2.215472E-05,147.4468
16.72019,39.3022,-1111.82,-2.218419E-05,147.643
16.74019,39.34469,-1114.776,-2.221367E-05,147.8392
16.76019,39.38718,-1117.737,-2.224314E-05,148.0354
16.78019,39.42966,-1120.701,-2.227262E-05,148.2316
16.80019,39.47215,-1123.669,-2.230209E-05,148.4277
16.82019,39.51464,-1126.642,-2.233157E-05,148.6239
16.84019,39.55713,-1129.618,-2.236104E-05,148.8201
16.8602,39.59962,-1132.598,-2.239052E-05,149.0163
16.8802,39.64211,-1135.582,-2.241999E-05,149.2124
16.9002,39.68459,-1138.569,-2.244947E-05,149.4086
16.9202,39.72708,-1141.561,-2.247894E-05,149.6048
16.9402,39.76957,-1144.557,-2.250841E-05,149.801
16.9602,39.81206,-1147.557,-2.253789E-05,149.9971
16.9802,39.85455,-1150.56,-2.256736E-05,150.1933
17.0002,39.89703,-1153.568,-2.259684E-05,150.3895
17.0202,39.93952,-1156.579,-2.262631E-05,150.5857
17.0402,39.98201,-1159.594,-2.265579E-05,150.7819
17.0602,40.0245,-1162.614,-2.268526E-05,150.978
17.0802,40.06699,-1165.637,-2.271474E-05,151.1742
17.1002,40.10947,-1168.664,-2.274421E-05,151.3704
17.1202,40.15196,-1171.695,-2.277369E-05,151.5666
17.1402,40.19445,-1174.73,-2.280316E-05,151.7628
17.1602,40.23694,-1177.769,-2.283264E-05,151.9589
17.1802,40.27943,-1180.812,-2.286211E-05,152.1551
17.2002,40.32191,-1183.859,-2.289159E-05,152.3513
17.2202,40.3644,-1186.909,-2.292106E-05,152.5475
17.2402,40.40689,-1189.964,-2.295054E-05,152.7436
17.2602,40.44938,-1193.022,-2.298001E-05,152.9398
17.2802,40.49187,-1196.085,-2.300949E-05,153.136
17.30021,40.53436,-1199.151,-2.303896E-05,153.3322
17.32021,40.57684,-1202.221,-2.306844E-05,153.5284
17.34021,40.61933,-1205.296,-2.309791E-05,153.7245
17.36021,40.66182,-1208.374,-2.312739E-05,153.9207
17.38021,40.70431,-1211.456,-2.315686E-05,154.1169
17.40021,40.7468,-1214.542,-2.318634E-05,154.3131
17.42021,40.78928,-1217.631,-2.321581E-05,154.5092
17.44021,40.83177,-1220.725,-2.324529E-05,154.7054
17.46021,40.87426,-1223.823,-2.327476E-05,154.9016
17.48021,40.91675,-1226.925,-2.330424E-05,155.0978
17.50021,40.95924,-1230.03,-2.333371E-05,155.294
17.52021,41.00172,-1233.14,-2.336319E-05,155.4901
17.54021,41.04421,-1236.253,-2.339266E-05,155.6863
17.56021,41.0867,-1239.371,-2.342214E-05,155.8825
17.58021,41.12919,-1242.492,-2.345161E-05,156.0787
17.60021,41.17168,-1245.617,-2.348109E-05,156.2749
17.62021,41.21416,-1248.746,-2.351056E-05,156.471
17.64021,41.25665,-1251.879,-2.354004E-05,156.6672
17.66021,41.29914,-1255.016,-2.356951E-05,156.8634
17.68021,41.34163,-1258.157,-2.359899E-05,157.0596
17.70021,41.38412,-1261.302,-2.362846E-05,157.2558
17.72021,41.42661,-1264.451,-2.365794E-05,157.4519
17.74022,41.46909,-1267.604,-2.368741E-05,157.6481
17.76022,41.51158,-1270.76,-2.371689E-05,157.8443
17.78022,41.55407,-1273.921,-2.374636E-05,158.0405
17.80022,41.59656,-1277.085,-2.377584E-05,158.2367
17.82022,41.63905,-1280.253,-2.380531E-05,158.4328
17.84022,41.68153,-1283.426,-2.383479E-05,158.629
17.86022,41.72402,-1286.602,-2.386426E-05,158.8252
17.88022,41.76651,-1289.782,-2.389374E-05,159.0214
17.90022,41.809,-1292.966,-2.392321E-05,159.2176
17.92022,41.85149,-1296.154,-2.395269E-05,159.4137
17.94022,41.89397,-1299.346,-2.398216E-05,159.6099
17.96022,41.93646,-1302.542,-2.401164E-05,159.8061
17.98022,41.97895,-1305.742,-2.404111E-05,160.0023
18.00022,42.02144,-1308.945,-2.407058E-05,160.1985
18.02022,42.06393,-1312.153,-2.410006E-05,160.3946
18.04022,42.10641,-1315.365,-2.412953E-05,160.5908
18.06022,42.1489,-1318.58,-2.415901E-05,160.787
18.08022,42.19139,-1321.799,-2.418848E-05,160.9832
18.10022,42.23388,-1325.023,-2.421796E-05,161.1794
18.12022,42.27637,-1328.25,-2.424743E-05,161.3755
18.14022,42.31886,-1331.481,-2.427691E-05,161.5717
18.16022,42.36134,-1334.716,-2.430638E-05,161.7679
18.18023,42.40383,-1337.955,-2.433586E-05,161.9641
18.20023,42.44632,-1341.198,-2.436533E-05,162.1603
18.22023,42.48881,-1344.445,-2.439481E-05,162.3564
18.24023,42.5313,-1347.696,-2.442428E-05,162.5526
18.26023,42.57378,-1350.95,-2.445376E-05,162.7488
18.28023,42.61627,-1354.209,-2.448323E-05,162.945
18.30023,42.65876,-1357.471,-2.451271E-05,163.1412
18.32023,42.70125,-1360.738,-2.454218E-05,163.3373
18.34023,42.74374,-1364.008,-2.457166E-05,163.5335
18.36023,42.78622,-1367.283,-2.460113E-05,163.7297
18.38023,42.82871,-1370.561,-2.463061E-05,163.9259
18.40023,42.8712,-1373.843,-2.466008E-05,164.1221
18.42023,42.91369,-1377.129,-2.468956E-05,164.3183
18.44023,42.95618,-1380.419,-2.471903E-05,164.5144
18.46023,42.99866,-1383.713,-2.474851E-05,164.7106
18.48023,43.04115,-1387.011,-2.477798E-05,164.9068
18.50023,43.08364,-1390.313,-2.480746E-05,165.103
18.52023,43.12613,-1393.618,-2.483693E-05,165.2992
18.54023,43.16862,-1396.928,-2.486641E-05,165.4953
18.56023,43.21111,-1400.242,-2.489588E-05,165.6915
18.58023,43.25359,-1403.559,-2.492536E-05,165.8877
18.60023,43.29608,-1406.881,-2.495483E-05,166.0839
18.62024,43.33857,-1410.206,-2.498431E-05,166.2801
18.64024,43.38106,-1413.535,-2.501378E-05,166.4762
18.66024,43.42355,-1416.868,-2.504326E-05,166.6724
18.68024,43.46603,-1420.205,-2.507273E-05,166.8686
18.70024,43.50852,-1423.547,-2.510221E-05,167.0648
18.72024,43.55101,-1426.891,-2.513168E-05,167.261
18.74024,43.5935,-1430.24,-2.516116E-05,167.4572
18.76024,43.63599,-1433.593,-2.519063E-05,167.6533
18.78024,43.67847,-1436.95,-2.522011E-05,167.8495
18.80024,43.72096,-1440.31,-2.524958E-05,168.0457
18.82024,43.76345,-1443.675,-2.527906E-05,168.2419
18.84024,43.80594,-1447.044,-2.530853E-05,168.4381
18.86024,43.84843,-1450.416,-2.533801E-05,168.6342
18.88024,43.89091,-1453.792,-2.536748E-05,168.8304
18.90024,43.9334,-1457.173,-2.539696E-05,169.0266
18.92024,43.97589,-1460.557,-2.542643E-05,169.2228
18.94024,44.01838,-1463.945,-2.545591E-05,169.419
18.96024,44.06087,-1467.337,-2.548538E-05,169.6152
18.98024,44.10336,-1470.733,-2.551486E-05,169.8113
19.00024,44.14584,-1474.133,-2.554433E-05,170.0075
19.02024,44.18833,-1477.537,-2.557381E-05,170.2037
19.04025,44.23082,-1480.944,-2.560328E-05,170.3999
19.06025,44.27331,-1484.356,-2.563275E-05,170.5961
19.08025,44.3158,-1487.771,-2.566223E-05,170.7923
19.10025,44.35828,-1491.191,-2.56917E-05,170.9884
19.12025,44.40077,-1494.615,-2.572118E-05,171.1846
19.14025,44.44326,-1498.042,-2.575065E-05,171.3808
19.16025,44.48575,-1501.473,-2.578013E-05,171.577
19.18025,44.52824,-1504.908,-2.58096E-05,171.7732
19.20025,44.57072,-1508.347,-2.583908E-05,171.9693
19.22025,44.61321,-1511.79,-2.586855E-05,172.1655
19.24025,44.6557,-1515.237,-2.589803E-05,172.3617
19.26025,44.69819,-1518.688,-2.59275E-05,172.5579
19.28025,44.74068,-1522.143,-2.595698E-05,172.7541
19.30025,44.78316,-1525.602,-2.598645E-05,172.9503
19.32025,44.82565,-1529.065,-2.601593E-05,173.1464
19.34025,44.86814,-1532.531,-2.60454E-05,173.3426
19.36025,44.91063,-1536.002,-2.607488E-05,173.5388
19.38025,44.95312,-1539.476,-2.610435E-05,173.735
19.40025,44.99561,-1542.954,-2.613383E-05,173.9312
19.42025,45.03809,-1546.437,-2.61633E-05,174.1273
19.44025,45.08058,-1549.923,-2.619278E-05,174.3235
19.46025,45.12307,-1553.413,-2.622225E-05,174.5197
19.48026,45.16556,-1556.907,-2.625173E-05,174.7159
19.50026,45.20805,-1560.405,-2.62812E-05,174.9121
19.52026,45.25053,-1563.907,-2.631068E-05,175.1083
19.54026,45.29302,-1567.413,-2.634015E-05,175.3045
19.56026,45.33551,-1570.923,-2.636963E-05,175.5006
19.58026,45.378,-1574.436,-2.63991E-05,175.6968
19.60026,45.42049,-1577.954,-2.642858E-05,175.893
19.62026,45.46297,-1581.475,-2.645805E-05,176.0892
19.64026,45.50546,-1585.001,-2.648753E-05,176.2854
19.66026,45.54795,-1588.53,-2.6517E-05,176.4816
19.68026,45.59044,-1592.063,-2.654648E-05,176.6777
19.70026,45.63293,-1595.601,-2.657595E-05,176.8739
19.72026,45.67542,-1599.142,-2.660543E-05,177.0701
19.74026,45.7179,-1602.687,-2.66349E-05,177.2663
19.76026,45.76039,-1606.236,-2.666438E-05,177.4625
19.78026,45.80288,-1609.789,-2.669385E-05,177.6586
19.80026,45.84537,-1613.346,-2.672333E-05,177.8548
19.82026,45.88786,-1616.906,-2.67528E-05,178.051
19.84026,45.93034,-1620.471,-2.678228E-05,178.2472
19.86026,45.97283,-1624.04,-2.681175E-05,178.4434
19.88026,46.01532,-1627.612,-2.684123E-05,178.6396
19.90026,46.05781,-1631.189,-2.68707E-05,178.8358
19.92027,46.1003,-1634.769,-2.690018E-05,179.0319
19.94027,46.14278,-1638.354,-2.692965E-05,179.2281
19.96027,46.18527,-1641.942,-2.695913E-05,179.4243
19.98027,46.22776,-1645.534,-2.69886E-05,179.6205
20.00027,46.27025,-1649.13,-2.701808E-05,179.8167
20.02027,46.31274,-1652.73,-2.704755E-05,180.0129
20.04027,46.35522,-1656.334,-2.707703E-05,180.209
20.06027,46.39771,-1659.942,-2.71065E-05,180.4052
20.08027,46.4402,-1663.554,-2.713597E-05,180.6014
20.10027,46.48269,-1667.169,-2.716545E-05,180.7976
20.12027,46.52518,-1670.789,-2.719492E-05,180.9938
20.14027,46.56767,-1674.412,-2.72244E-05,181.19
20.16027,46.61015,-1678.04,-2.725387E-05,181.3861
20.18027,46.65264,-1681.671,-2.728335E-05,181.5823
20.20027,46.69513,-1685.307,-2.731282E-05,181.7785
20.22027,46.73762,-1688.946,-2.73423E-05,181.9747
20.24027,46.78011,-1692.589,-2.737177E-05,182.1709
20.26027,46.82259,-1696.236,-2.740125E-05,182.3671
20.28027,46.86508,-1699.887,-2.743072E-05,182.5632
20.30027,46.90757,-1703.542,-2.74602E-05,182.7594
20.32027,46.95006,-1707.201,-2.748967E-05,182.9556
20.34027,46.99255,-1710.864,-2.751915E-05,183.1518
20.36028,47.03503,-1714.531,-2.754862E-05,183.348
20.38028,47.07752,-1718.201,-2.75781E-05,183.5442
20.40028,47.12001,-1721.876,-2.760757E-05,183.7404
20.42028,47.1625,-1725.554,-2.763705E-05,183.9365
20.44028,47.20499,-1729.237,-2.766652E-05,184.1327
20.46028,47.24747,-1732.923,-2.7696E-05,184.3289
20.48028,47.28996,-1736.613,-2.772547E-05,184.5251
20.50028,47.33245,-1740.307,-2.775495E-05,184.7213
20.52028,47.37494,-1744.005,-2.778442E-05,184.9175
20.54028,47.41743,-1747.708,-2.78139E-05,185.1136
20.56028,47.45992,-1751.413,-2.784337E-05,185.3098
20.58028,47.5024,-1755.123,-2.787285E-05,185.506
20.60028,47.54489,-1758.837,-2.790232E-05,185.7022
20.62028,47.58738,-1762.555,-2.79318E-05,185.8984
20.64028,47.62987,-1766.276,-2.796127E-05,186.0946
20.66028,47.67236,-1770.002,-2.799075E-05,186.2908
20.68028,47.71484,-1773.732,-2.802022E-05,186.4869
20.70028,47.75733,-1777.465,-2.80497E-05,186.6831
20.72028,47.79982,-1781.202,-2.807917E-05,186.8793
20.74028,47.84231,-1784.943,-2.810865E-05,187.0755
20.76028,47.8848,-1788.689,-2.813812E-05,187.2717
20.78028,47.92728,-1792.438,-2.81676E-05,187.4679
20.80029,47.96977,-1796.191,-2.819707E-05,187.664
20.82029,48.01226,-1799.948,-2.822655E-05,187.8602
20.84029,48.05475,-1803.709,-2.825602E-05,188.0564
20.86029,48.09724,-1807.474,-2.82855E-05,188.2526
20.88029,48.13972,-1811.242,-2.831497E-05,188.4488
20.90029,48.18221,-1815.015,-2.834445E-05,188.645
20.92029,48.2247,-1818.792,-2.837392E-05,188.8412
20.94029,48.26719,-1822.572,-2.84034E-05,189.0373
20.96029,48.30968,-1826.356,-2.843287E-05,189.2335
20.98029,48.35217,-1830.145,-2.846235E-05,189.4297
21.00029,48.39465,-1833.937,-2.849182E-05,189.6259
21.02029,48.43714,-1837.733,-2.85213E-05,189.8221
21.04029,48.47963,-1841.533,-2.855077E-05,190.0183
21.06029,48.52212,-1845.338,-2.858025E-05,190.2144
21.08029,48.56461,-1849.146,-2.860972E-05,190.4106
21.10029,48.60709,-1852.957,-2.86392E-05,190.6068
21.12029,48.64958,-1856.773,-2.866867E-05,190.803
21.14029,48.69207,-1860.593,-2.869814E-05,190.9992
21.16029,48.73456,-1864.417,-2.872762E-05,191.1954
21.18029,48.77705,-1868.244,-2.875709E-05,191.3916
21.20029,48.81953,-1872.076,-2.878657E-05,191.5878
21.22029,48.86202,-1875.911,-2.881604E-05,191.7839
21.2403,48.90451,-1879.751,-2.884552E-05,191.9801
21.2603,48.947,-1883.594,-2.887499E-05,192.1763
21.2803,48.98949,-1887.441,-2.890447E-05,192.3725
21.3003,49.03197,-1891.292,-2.893394E-05,192.5687
21.3203,49.07446,-1895.147,-2.896342E-05,192.7649
21.3403,49.11695,-1899.006,-2.899289E-05,192.961
21.3603,49.15944,-1902.869,-2.902237E-05,193.1572
21.3803,49.20193,-1906.736,-2.905184E-05,193.3534
21.4003,49.24442,-1910.607,-2.908132E-05,193.5496
21.4203,49.2869,-1914.481,-2.911079E-05,193.7458
21.4403,49.32939,-1918.36,-2.914027E-05,193.942
21.4603,49.37188,-1922.243,-2.916974E-05,194.1382
21.4803,49.41437,-1926.129,-2.919922E-05,194.3344
21.5003,49.45686,-1930.02,-2.922869E-05,194.5305
21.5203,49.49934,-1933.914,-2.925817E-05,194.7267
21.5403,49.54183,-1937.812,-2.928764E-05,194.9229
21.5603,49.58432,-1941.714,-2.931712E-05,195.1191
21.5803,49.62681,-1945.62,-2.934659E-05,195.3153
21.6003,49.6693,-1949.53,-2.937607E-05,195.5115
21.6203,49.71178,-1953.444,-2.940554E-05,195.7077
21.6403,49.75427,-1957.362,-2.943502E-05,195.9038
21.66031,49.79676,-1961.284,-2.946449E-05,196.1
21.68031,49.83925,-1965.209,-2.949397E-05,196.2962
21.70031,49.88174,-1969.139,-2.952344E-05,196.4924
21.72031,49.92422,-1973.073,-2.955292E-05,196.6886
21.74031,49.96671,-1977.01,-2.958239E-05,196.8848
21.76031,50.0092,-1980.952,-2.961187E-05,197.0809
21.78031,50.05169,-1984.897,-2.964134E-05,197.2771
21.80031,50.09418,-1988.846,-2.967082E-05,197.4733
21.82031,50.13667,-1992.799,-2.970029E-05,197.6695
21.84031,50.17915,-1996.756,-2.972977E-05,197.8657
21.86031,50.22164,-2000.717,-2.975924E-05,198.0619
21.88031,50.26413,-2004.682,-2.978872E-05,198.2581
21.90031,50.30662,-2008.651,-2.981819E-05,198.4543
21.92031,50.34911,-2012.624,-2.984767E-05,198.6504
21.94031,50.39159,-2016.601,-2.987714E-05,198.8466
21.96031,50.43408,-2020.581,-2.990662E-05,199.0428
21.98031,50.47657,-2024.566,-2.993609E-05,199.239
22.00031,50.51906,-2028.554,-2.996557E-05,199.4352
22.02031,50.56155,-2032.547,-2.999504E-05,199.6314
22.04031,50.60403,-2036.543,-3.002452E-05,199.8276
22.06031,50.64652,-2040.543,-3.005399E-05,200.0237
22.08031,50.68901,-2044.547,-3.008347E-05,200.2199
22.10032,50.7315,-2048.555,-3.011294E-05,200.4161
22.12032,50.77399,-2052.567,-3.014242E-05,200.6123
22.14032,50.81647,-2056.583,-3.017189E-05,200.8085
22.16032,50.85896,-2060.603,-3.020137E-05,201.0047
22.18032,50.90145,-2064.627,-3.023084E-05,201.2009
22.20032,50.94394,-2068.655,-3.026031E-05,201.397
22.22032,50.98643,-2072.686,-3.028979E-05,201.5932
22.24032,51.02892,-2076.722,-3.031926E-05,201.7894
22.26032,51.0714,-2080.761,-3.034874E-05,201.9856
22.28032,51.11389,-2084.805,-3.037821E-05,202.1818
22.30032,51.15638,-2088.852,-3.040769E-05,202.378
22.32032,51.19887,-2092.904,-3.043716E-05,202.5742
22.34032,51.24136,-2096.959,-3.046664E-05,202.7704
22.36032,51.28384,-2101.018,-3.049611E-05,202.9666
22.38032,51.32633,-2105.081,-3.052559E-05,203.1627
22.40032,51.36882,-2109.148,-3.055506E-05,203.3589
22.42032,51.41131,-2113.219,-3.058454E-05,203.5551
22.44032,51.4538,-2117.293,-3.061401E-05,203.7513
22.46032,51.49628,-2121.372,-3.064349E-05,203.9475
22.48032,51.53877,-2125.455,-3.067296E-05,204.1437
22.50032,51.58126,-2129.541,-3.070244E-05,204.3399
22.52032,51.62375,-2133.632,-3.073191E-05,204.536
22.54033,51.66624,-2137.726,-3.076139E-05,204.7322
22.56033,51.70872,-2141.825,-3.079086E-05,204.9284
22.58033,51.75121,-2145.927,-3.082034E-05,205.1246
22.60033,51.7937,-2150.033,-3.084981E-05,205.3208
22.62033,51.83619,-2154.143,-3.087929E-05,205.517
22.64033,51.87868,-2158.257,-3.090876E-05,205.7132
22.66033,51.92117,-2162.375,-3.093824E-05,205.9093
22.68033,51.96365,-2166.497,-3.096771E-05,206.1055
22.70033,52.00614,-2170.623,-3.099719E-05,206.3017
22.72033,52.04863,-2174.752,-3.102666E-05,206.4979
22.74033,52.09112,-2178.886,-3.105614E-05,206.6941
22.76033,52.13361,-2183.024,-3.108561E-05,206.8903
22.78033,52.17609,-2187.165,-3.111509E-05,207.0865
22.80033,52.21858,-2191.311,-3.114456E-05,207.2827
22.82033,52.26107,-2195.46,-3.117404E-05,207.4789
22.84033,52.30356,-2199.614,-3.120351E-05,207.675
22.86033,52.34605,-2203.771,-3.123299E-05,207.8712
22.88033,52.38853,-2207.932,-3.126246E-05,208.0674
22.90033,52.43102,-2212.097,-3.129194E-05,208.2636
22.92033,52.47351,-2216.266,-3.132141E-05,208.4598
22.94033,52.516,-2220.439,-3.135089E-05,208.656
22.96033,52.55849,-2224.615,-3.138036E-05,208.8522
22.98034,52.60098,-2228.796,-3.140984E-05,209.0483
23.00034,52.64346,-2232.981,-3.143931E-05,209.2445
23.02034,52.68595,-2237.169,-3.146879E-05,209.4407
23.04034,52.72844,-2241.362,-3.149826E-05,209.6369
23.06034,52.77093,-2245.559,-3.152774E-05,209.8331
23.08034,52.81342,-2249.759,-3.155721E-05,210.0293
23.10034,52.8559,-2253.963,-3.158669E-05,210.2255
23.12034,52.89839,-2258.172,-3.161616E-05,210.4217
23.14034,52.94088,-2262.384,-3.164564E-05,210.6178
23.16034,52.98337,-2266.6,-3.167511E-05,210.814
23.18034,53.02586,-2270.82,-3.170459E-05,211.0102
23.20034,53.06834,-2275.044,-3.173406E-05,211.2064
23.22034,53.11083,-2279.271,-3.176353E-05,211.4026
23.24034,53.15332,-2283.503,-3.179301E-05,211.5988
23.26034,53.19581,-2287.739,-3.182248E-05,211.795
23.28034,53.2383,-2291.978,-3.185196E-05,211.9912
23.30034,53.28078,-2296.222,-3.188143E-05,212.1873
23.32034,53.32327,-2300.469,-3.191091E-05,212.3835
23.34034,53.36576,-2304.721,-3.194038E-05,212.5797
23.36034,53.40825,-2308.976,-3.196986E-05,212.7759
23.38034,53.45074,-2313.236,-3.199933E-05,212.9721
23.40034,53.49323,-2317.499,-3.202881E-05,213.1683
23.42035,53.53571,-2321.766,-3.205828E-05,213.3645
23.44035,53.5782,-2326.037,-3.208776E-05,213.5607
23.46035,53.62069,-2330.312,-3.211723E-05,213.7569
23.48035,53.66318,-2334.591,-3.214671E-05,213.953
23.50035,53.70567,-2338.873,-3.217618E-05,214.1492
